ID,HouseType,DistFromStreet,CarpetArea,HouseCondition,BuiltYear,RenovateYear,NumberofBathrooms,Fireplaces,GarageCars,GarageArea,YearSold,SaleType,SalePrice
1,2,50,91,2,1943,1962,1,1,2,336,2008,ContractAgent,196713
2,5,12,84,6,1947,1965,2,2,2,157,2014,ContractDirect,95754
3,9,55,339,6,1974,1991,3,1,2,255,2009,NewAgent,445513
4,8,37,NA,5,1967,1987,3,1,2,170,2009,ContractAgent,461546
5,4,34,166,2,1920,1937,2,1,3,583,2013,ContractAgent,139526
6,4,56,183,5,1927,1946,1,2,3,659,2006,ContractAgent,111581
7,5,NA,99,1,1935,1950,2,0,2,162,2010,ContractDirect,183634
8,2,15,57,1,1910,1930,2,1,3,563,2009,ContractDirect,180841
9,2,6,87,1,1967,1982,1,2,2,308,2007,ContractDirect,146395
10,7,43,230,4,1943,1963,1,0,2,330,2007,NewDirect,297580
11,6,14,NA,6,1965,1980,1,2,3,796,2013,NewDirect,309848
12,4,9,139,4,1930,1950,2,1,1,126,2008,NewDirect,170396
13,6,18,152,2,1926,1941,2,0,3,671,2011,ContractAgent,242273
14,9,59,310,4,1943,1959,2,2,1,123,2010,NewDirect,305418
15,7,65,222,3,1990,2009,2,0,2,290,2011,NewDirect,403521
16,6,45,129,5,1960,1977,2,2,1,111,2008,ContractAgent,256650
17,5,NA,90,5,1967,1983,1,1,2,291,2014,ContractDirect,60588
18,1,58,59,4,1977,1995,1,0,3,587,2014,ContractDirect,108797
19,5,24,85,3,1953,1969,1,1,1,142,2012,NewDirect,89968
20,7,21,208,1,1955,1973,2,2,1,118,2007,NewDirect,55382
21,1,55,82,5,1925,1942,1,2,3,526,2007,NewAgent,51749
22,1,NA,NA,4,1917,1935,1,0,3,600,2011,ContractAgent,174320
23,2,7,95,1,1942,1960,2,2,3,514,2008,NewAgent,81701
24,2,9,71,4,1918,1935,1,0,3,617,2011,ContractDirect,65291
25,8,24,215,5,1924,1941,2,1,1,121,2011,ContractAgent,449874
26,4,22,129,4,1927,1945,1,0,3,606,2010,ContractDirect,201330
27,1,51,na,1,1915,1931,2,0,2,287,2012,ContractAgent,173447
28,8,30,207,3,1935,1954,2,2,1,115,2008,ContractAgent,435760
29,4,NA,140,4,1934,1954,1,0,2,243,2008,NewAgent,235989
30,5,NA,78,6,1935,1951,1,0,2,295,2008,ContractDirect,101701
31,2,NA,68,3,1981,1997,2,1,1,101,2007,ContractDirect,177918
32,8,37,236,1,1974,1989,2,1,1,138,2013,ContractDirect,403544
33,4,43,na,3,1920,1938,1,2,1,144,2012,ContractDirect,135874
34,2,15,99,2,1918,1933,1,1,3,713,2011,ContractAgent,144854
35,6,12,147,6,1955,1972,2,0,1,109,2006,NewAgent,172643
36,7,61,200,1,1961,1981,2,1,2,128,2009,NewDirect,270195
37,6,41,133,4,1945,1961,2,2,3,639,2009,ContractDirect,320473
38,4,61,125,5,1985,2001,1,2,3,547,2013,NewDirect,323431
39,4,16,165,3,1926,1944,2,2,1,126,2013,ContractDirect,232420
40,2,8,58,6,1930,1946,1,2,1,147,2006,ContractAgent,79363
41,9,50,346,3,1970,1987,3,2,1,125,2014,NewAgent,339851
42,8,63,224,2,1963,1978,3,2,2,326,2010,NewAgent,447215
43,9,NA,331,5,1975,1993,2,1,1,142,2012,ContractAgent,330066
44,1,13,58,4,1943,1962,1,1,1,146,2007,ContractDirect,111702
45,7,32,234,6,1948,1963,1,2,3,506,2006,NewAgent,254094
46,2,22,58,5,1962,1980,2,0,2,151,2010,NewDirect,138832
47,5,15,57,5,1911,1928,1,0,3,664,2007,ContractDirect,177333
48,2,59,70,3,1982,1999,1,2,1,123,2009,ContractDirect,100760
49,4,52,159,2,1958,1978,2,0,1,126,2006,ContractAgent,209753
50,2,NA,65,6,1980,1998,2,1,2,274,2012,NewDirect,53421
51,4,15,184,1,1985,2002,2,0,2,297,2010,NewDirect,224709
52,6,66,145,2,1922,1938,1,0,2,204,2008,ContractAgent,133872
53,9,20,325,6,1962,1979,3,1,3,597,2008,ContractAgent,401039
54,3,NA,171,5,1955,1970,1,1,2,220,2007,NewAgent,196316
55,2,21,NA,6,1915,1935,1,1,3,542,2012,NewAgent,141508
56,8,42,NA,5,1912,1930,2,1,2,219,2012,ContractAgent,370591
57,8,30,NA,3,1971,1991,2,2,1,111,2011,ContractAgent,357315
58,6,69,140,4,1944,1961,1,2,1,100,2010,ContractDirect,146115
59,6,44,156,5,1939,1959,2,1,1,113,2014,NewAgent,278168
60,6,22,161,3,1975,1990,2,0,1,128,2011,NewDirect,188700
61,5,13,65,3,1939,1954,1,1,1,143,2014,NewAgent,104635
62,8,36,221,1,1980,2000,2,1,1,103,2007,NewDirect,488250
63,7,61,200,1,1977,1996,2,2,2,229,2014,ContractDirect,465204
64,4,50,173,5,1972,1992,1,1,2,326,2014,NewAgent,123641
65,7,NA,228,3,1928,1944,2,0,3,703,2007,ContractAgent,330312
66,3,8,171,1,1911,1928,2,0,3,699,2010,ContractDirect,257930
67,9,56,320,5,1949,1969,3,2,1,118,2013,ContractAgent,301549
68,7,6,242,5,1956,1974,1,2,2,156,2009,ContractAgent,391328
69,3,70,130,3,1934,1950,1,0,1,110,2009,ContractAgent,165002
70,8,42,239,5,1957,1976,3,1,2,172,2012,ContractDirect,466885
71,6,28,138,4,1955,1975,1,0,1,107,2011,ContractDirect,198762
72,9,7,316,1,1942,1959,3,2,3,786,2006,ContractAgent,328170
73,5,25,NA,5,1982,1999,2,2,1,140,2014,NewDirect,75409
74,8,42,203,3,1914,1930,2,1,3,589,2010,ContractDirect,312872
75,5,6,56,2,1973,1990,1,2,1,149,2010,NewDirect,138463
76,1,28,63,1,1940,1958,2,2,1,134,2013,ContractDirect,175839
77,4,16,145,1,1924,1942,2,0,2,334,2013,ContractDirect,309409
78,8,13,212,6,1954,1971,3,2,3,538,2014,ContractDirect,331532
79,6,25,151,6,1960,1978,1,0,2,229,2010,ContractDirect,133258
80,3,NA,173,4,1978,1995,1,1,3,610,2011,NewAgent,119150
81,6,NA,140,4,1969,1987,1,2,2,294,2013,NewAgent,331210
82,4,2,172,5,1910,1930,1,1,2,199,2006,ContractAgent,304205
83,9,1,314,5,1924,1943,3,2,3,686,2010,NewAgent,326850
84,6,68,164,6,1932,1947,1,1,1,105,2014,NewAgent,136385
85,4,4,130,2,1971,1989,2,2,1,118,2007,ContractAgent,138938
86,6,2,128,2,1911,1928,1,0,3,614,2010,NewAgent,310530
87,8,23,205,2,1933,1949,2,2,1,104,2006,NewDirect,463039
88,2,16,68,3,1940,1959,2,1,1,137,2009,NewAgent,105550
89,4,67,178,4,1915,1932,2,1,2,229,2013,ContractAgent,175078
90,4,11,na,5,1966,1983,2,0,3,572,2011,ContractAgent,154980
91,3,66,148,6,1974,1991,2,2,3,715,2006,ContractDirect,296385
92,4,68,183,3,1913,1931,1,1,2,229,2010,ContractAgent,329132
93,2,57,80,3,1941,1958,2,1,2,128,2008,ContractDirect,115803
94,2,NA,78,4,1956,1973,2,1,3,594,2014,NewAgent,102083
95,9,NA,303,6,1944,1961,3,1,3,608,2009,ContractAgent,324049
96,9,19,311,3,1956,1973,2,2,3,643,2010,NewDirect,397198
97,3,29,125,2,1987,2005,1,2,1,145,2007,ContractDirect,167155
98,8,59,203,3,1973,1991,3,2,2,123,2009,ContractAgent,426356
99,8,6,240,3,1973,1989,2,1,3,741,2011,NewDirect,411789
100,8,36,228,2,1924,1941,3,1,2,250,2012,NewAgent,454510
101,6,64,178,4,1936,1956,2,0,3,794,2010,ContractDirect,335591
102,6,65,146,6,1921,1936,1,1,2,164,2008,NewAgent,303424
103,1,56,NA,4,1985,2004,1,2,1,143,2008,NewDirect,190448
104,8,7,236,6,1917,1934,3,2,1,147,2010,ContractAgent,481058
105,4,NA,183,6,1966,1985,2,1,2,268,2013,ContractDirect,215672
106,9,57,342,3,1964,1979,3,2,2,340,2013,NewDirect,408186
107,8,65,235,5,1925,1942,2,1,3,759,2014,NewAgent,458829
108,4,NA,152,5,1946,1964,2,2,2,252,2012,ContractDirect,216803
109,2,NA,65,1,1978,1998,1,2,3,720,2007,ContractAgent,51407
110,6,51,165,5,1954,1972,2,2,3,621,2012,ContractAgent,131100
111,6,32,147,2,1975,1995,1,1,1,119,2014,NewDirect,329595
112,9,1,314,4,1936,1951,2,2,3,639,2009,NewAgent,395495
113,6,44,176,5,1926,1943,1,0,1,132,2006,ContractAgent,317231
114,3,NA,160,4,1977,1992,2,2,2,276,2008,NewAgent,267371
115,8,57,221,6,1984,2003,2,1,3,565,2007,NewAgent,487830
116,5,22,86,1,1976,1994,1,2,2,295,2008,ContractDirect,53381
117,8,NA,204,3,1925,1944,2,2,2,292,2009,ContractDirect,325010
118,5,39,59,6,1912,1928,1,0,1,105,2012,NewDirect,129370
119,9,6,311,6,1987,2002,2,1,1,119,2011,ContractAgent,433110
120,3,9,152,5,1987,2002,2,2,3,626,2013,NewAgent,197935
121,7,12,248,2,1912,1932,2,1,2,275,2013,NewAgent,94307
122,4,23,176,6,1930,1949,1,2,2,221,2007,ContractDirect,152801
123,2,6,86,1,1945,1960,1,2,2,274,2010,ContractDirect,183445
124,8,5,238,1,1982,1998,2,2,2,145,2008,ContractAgent,469851
125,8,58,208,5,1933,1949,2,2,1,104,2014,ContractAgent,480974
126,1,3,89,4,1926,1945,1,0,2,174,2010,ContractAgent,91526
127,8,27,247,5,1974,1989,2,2,3,703,2008,ContractDirect,418229
128,8,28,215,2,1921,1936,2,1,1,150,2012,ContractDirect,377554
129,9,58,308,4,1957,1972,2,2,1,113,2012,ContractDirect,437021
130,1,45,60,4,1929,1948,1,0,2,272,2011,ContractAgent,187072
131,8,30,na,4,1966,1982,2,1,3,576,2013,ContractDirect,489946
132,3,60,na,5,1914,1931,1,1,3,561,2014,ContractAgent,343741
133,2,27,72,5,1969,1984,2,0,1,106,2006,ContractDirect,64309
134,8,18,244,4,1932,1948,2,1,3,656,2010,NewDirect,352333
135,2,47,98,5,1962,1979,1,1,1,135,2007,NewAgent,74170
136,5,51,88,4,1937,1956,1,1,2,179,2008,ContractAgent,157960
137,5,8,86,6,1962,1981,1,1,3,662,2013,NewDirect,143269
138,2,35,59,1,1982,1999,2,0,1,103,2008,ContractDirect,109648
139,4,71,173,1,1933,1950,2,2,1,119,2006,ContractAgent,296669
140,5,58,100,5,1960,1975,2,2,3,788,2011,NewDirect,152367
141,4,1,171,6,1937,1952,2,2,2,182,2010,ContractAgent,189861
142,8,42,237,6,1926,1941,3,2,3,771,2014,ContractDirect,365203
143,6,58,177,1,1951,1968,2,1,1,144,2006,ContractAgent,307306
144,5,NA,100,3,1973,1993,2,0,1,102,2010,ContractDirect,135189
145,7,27,240,4,1939,1954,2,0,1,143,2007,NewDirect,132916
146,4,18,NA,3,1952,1969,2,0,3,723,2010,ContractAgent,139069
147,6,65,129,5,1939,1958,1,2,2,208,2008,ContractDirect,227992
148,8,13,201,2,1969,1985,3,1,1,132,2010,ContractAgent,463424
149,8,71,249,4,1983,1998,3,2,2,219,2007,ContractDirect,310917
150,9,17,319,4,1933,1952,3,1,3,521,2013,ContractAgent,449917
151,2,41,NA,3,1930,1949,1,1,2,184,2012,ContractDirect,159586
152,4,37,170,3,1953,1968,2,2,2,160,2007,ContractDirect,115762
153,3,6,170,1,1976,1992,1,1,3,602,2010,NewAgent,296032
154,8,2,227,1,1956,1971,3,2,3,509,2013,NewDirect,418323
155,1,37,78,5,1986,2001,2,1,2,284,2013,NewDirect,119445
156,3,47,140,5,1942,1959,1,1,2,163,2006,ContractAgent,319150
157,4,16,161,2,1936,1953,1,0,1,106,2013,NewDirect,237749
158,8,66,209,5,1916,1935,3,1,2,132,2009,NewDirect,366989
159,4,43,184,2,1989,2008,2,1,3,793,2014,ContractDirect,116679
160,8,34,204,5,1951,1968,3,2,2,196,2011,ContractDirect,474641
161,7,2,242,2,1978,1997,1,2,3,780,2014,NewAgent,72201
162,4,29,166,2,1924,1939,1,1,1,120,2011,NewAgent,294348
163,1,27,96,5,1961,1979,1,2,1,137,2006,NewAgent,171957
164,5,47,NA,2,1983,2001,2,0,2,204,2011,NewAgent,108838
165,9,2,300,4,1984,2002,3,2,1,111,2013,NewAgent,327134
166,8,32,213,6,1946,1961,3,1,2,261,2007,NewAgent,354285
167,8,28,243,5,1937,1954,3,2,1,138,2010,ContractAgent,360771
168,9,66,331,1,1986,2003,2,1,1,129,2009,NewAgent,394102
169,5,13,88,4,1972,1990,2,0,1,139,2010,ContractAgent,77159
170,7,16,209,6,1960,1980,1,1,1,118,2006,NewDirect,72881
171,5,59,79,3,1989,2009,2,0,2,193,2009,NewAgent,64510
172,6,63,160,3,1954,1971,2,0,1,114,2006,ContractAgent,169418
173,1,13,80,2,1959,1978,2,0,3,799,2014,NewAgent,183820
174,3,67,184,6,1928,1948,2,0,1,133,2006,NewDirect,276596
175,8,23,243,3,1987,2003,2,1,3,772,2011,ContractDirect,442679
176,1,66,71,3,1989,2004,1,1,1,104,2011,NewDirect,149921
177,9,52,307,6,1949,1966,2,1,1,103,2009,ContractAgent,421801
178,7,25,217,3,1957,1975,2,1,3,557,2008,NewAgent,332183
179,1,65,85,3,1925,1944,2,2,1,121,2008,NewAgent,52833
180,7,20,205,4,1947,1963,2,1,2,157,2012,NewAgent,126192
181,4,25,147,1,1978,1994,2,2,1,144,2014,ContractDirect,284926
182,4,10,180,2,1985,2003,1,2,1,146,2013,NewAgent,202827
183,6,23,131,3,1950,1969,2,1,3,531,2008,NewAgent,152487
184,7,68,213,5,1924,1944,1,0,1,136,2009,NewDirect,352210
185,7,33,249,2,1928,1948,1,0,1,114,2012,ContractDirect,353041
186,4,30,178,1,1970,1985,2,2,1,138,2011,ContractDirect,335124
187,3,5,150,5,1973,1992,2,1,2,308,2014,ContractAgent,183859
188,4,58,155,4,1955,1972,1,1,2,138,2014,ContractAgent,160536
189,6,17,138,2,1914,1931,2,0,3,613,2012,NewAgent,217670
190,8,9,225,2,1971,1990,2,2,2,160,2014,ContractAgent,379300
191,1,62,84,2,1977,1993,2,2,3,686,2014,NewAgent,176423
192,4,30,134,5,1951,1969,1,0,2,320,2006,ContractAgent,134121
193,3,47,NA,3,1969,1984,1,2,1,146,2008,ContractDirect,141816
194,7,52,225,3,1911,1927,2,2,1,107,2007,ContractAgent,444393
195,8,12,247,2,1946,1964,2,2,2,323,2014,ContractAgent,482326
196,5,68,65,5,1911,1926,1,2,1,140,2014,NewDirect,101351
197,4,13,155,3,1931,1947,1,2,2,230,2008,ContractDirect,251915
198,4,68,146,4,1917,1935,1,1,1,141,2012,NewAgent,102800
199,4,37,169,3,1945,1963,2,2,3,631,2012,NewAgent,158836
200,5,31,59,1,1961,1980,2,0,1,117,2012,NewDirect,86395
201,1,55,93,2,1927,1945,1,1,1,139,2006,NewDirect,133399
202,4,35,172,5,1956,1976,1,2,1,144,2013,NewDirect,272638
203,3,11,NA,6,1968,1987,1,1,3,546,2014,ContractAgent,300615
204,3,64,NA,4,1937,1956,2,1,3,631,2012,ContractAgent,250905
205,8,60,205,4,1959,1979,3,2,1,113,2013,ContractAgent,497599
206,8,16,202,2,1949,1969,3,2,1,115,2007,ContractAgent,368400
207,2,18,83,5,1942,1960,1,0,3,787,2009,NewAgent,130433
208,5,12,91,3,1940,1957,2,1,1,146,2006,NewAgent,56907
209,7,4,247,3,1980,1998,1,2,1,101,2008,NewAgent,102039
210,7,12,208,6,1950,1966,2,0,2,277,2008,NewDirect,175234
211,5,26,89,2,1912,1931,1,2,2,270,2006,ContractDirect,69851
212,8,24,249,1,1932,1948,3,2,1,138,2007,ContractAgent,320891
213,9,42,306,5,1966,1985,2,2,2,277,2013,ContractAgent,467900
214,2,56,64,4,1938,1954,2,0,2,215,2006,ContractAgent,161555
215,8,33,246,2,1967,1982,3,2,1,107,2009,NewDirect,381329
216,8,NA,208,5,1982,1997,3,2,2,182,2007,NewAgent,320429
217,1,36,92,4,1972,1987,1,0,2,299,2007,NewAgent,122009
218,2,47,71,1,1984,2003,1,1,3,609,2010,NewDirect,104548
219,8,51,201,4,1979,1995,2,1,3,784,2009,ContractDirect,376668
220,8,10,215,4,1977,1996,3,1,1,146,2010,ContractAgent,422009
221,8,19,221,1,1952,1967,2,2,2,222,2006,NewAgent,411025
222,3,69,148,6,1933,1950,1,0,3,539,2014,ContractAgent,217027
223,8,21,235,6,1919,1939,3,2,3,506,2006,NewDirect,406777
224,8,16,236,3,1946,1963,3,2,2,264,2006,NewDirect,300437
225,3,14,129,1,1921,1941,2,2,3,671,2014,ContractDirect,200349
226,8,8,212,4,1928,1948,2,1,1,130,2013,ContractAgent,441703
227,9,52,340,3,1919,1935,3,1,1,145,2006,ContractDirect,340560
228,2,42,77,6,1952,1972,2,0,3,683,2011,ContractAgent,85601
229,2,6,81,3,1924,1940,2,1,2,280,2013,ContractDirect,158699
230,2,60,91,1,1972,1990,2,2,2,299,2006,ContractDirect,109852
231,8,32,212,5,1930,1949,2,1,1,142,2009,NewAgent,311280
232,9,22,347,1,1945,1963,2,2,1,123,2009,NewDirect,329993
233,8,3,236,6,1938,1953,2,2,2,223,2007,NewAgent,420209
234,4,23,161,1,1943,1959,2,2,3,540,2009,ContractAgent,192794
235,3,64,173,4,1911,1929,2,2,1,134,2012,ContractAgent,139986
236,5,18,96,1,1938,1956,2,1,3,652,2009,NewDirect,87091
237,4,53,NA,5,1969,1989,1,2,3,597,2007,NewDirect,153966
238,2,53,62,2,1975,1993,2,1,1,143,2008,ContractAgent,81848
239,3,64,159,6,1966,1986,2,1,2,177,2010,ContractDirect,151852
240,8,58,na,3,1925,1944,3,2,3,603,2011,NewAgent,486273
241,3,23,130,1,1979,1998,1,2,3,661,2006,NewDirect,192123
242,8,4,238,3,1968,1984,2,1,2,312,2012,ContractDirect,416458
243,8,45,218,5,1913,1932,3,1,2,206,2014,ContractDirect,462770
244,7,54,209,1,1990,2005,1,2,1,134,2008,ContractAgent,430805
245,1,19,98,3,1956,1974,2,1,3,716,2011,NewAgent,199750
246,4,24,159,6,1920,1939,2,2,3,729,2006,NewAgent,309885
247,7,68,212,5,1931,1951,1,2,2,165,2014,ContractDirect,242605
248,9,26,347,6,1918,1933,3,1,1,113,2006,NewDirect,350967
249,2,69,55,3,1970,1985,2,0,2,133,2006,ContractAgent,191862
250,7,31,239,3,1969,1988,1,1,1,127,2011,ContractDirect,228150
251,8,54,247,2,1910,1928,3,1,1,106,2008,NewDirect,323791
252,2,16,67,2,1987,2006,2,2,2,256,2008,NewAgent,143596
253,8,65,226,6,1938,1954,3,2,1,125,2010,ContractAgent,402087
254,8,34,220,1,1945,1962,3,2,2,262,2008,NewDirect,456993
255,8,19,238,3,1937,1953,3,1,1,124,2013,ContractAgent,395181
256,6,15,156,6,1968,1984,1,1,1,139,2006,NewAgent,212605
257,9,69,307,6,1931,1946,3,1,1,122,2013,ContractDirect,407642
258,4,18,163,4,1934,1953,1,1,3,754,2007,NewAgent,208873
259,3,71,147,6,1976,1991,2,0,2,224,2009,NewDirect,295872
260,2,1,60,3,1910,1927,1,0,2,250,2008,ContractAgent,102258
261,5,20,99,1,1918,1936,2,0,1,101,2008,ContractDirect,195643
262,3,42,133,4,1949,1965,1,1,1,133,2014,ContractDirect,280401
263,1,2,56,5,1926,1945,1,1,1,140,2006,NewAgent,129073
264,4,43,181,1,1935,1951,1,2,1,136,2010,ContractDirect,287808
265,6,48,126,2,1960,1980,1,2,1,122,2007,ContractAgent,128154
266,3,44,154,1,1917,1937,1,0,3,606,2008,NewDirect,342328
267,1,57,97,4,1931,1947,1,2,1,110,2009,NewAgent,62320
268,7,65,229,2,1962,1978,2,0,3,644,2014,ContractDirect,182877
269,4,23,156,6,1969,1989,1,1,1,122,2006,ContractAgent,162882
270,2,39,98,1,1951,1967,1,0,2,189,2010,NewAgent,87771
271,9,26,312,4,1933,1948,2,2,2,282,2013,ContractAgent,386327
272,2,19,NA,6,1925,1945,1,0,2,186,2009,NewDirect,145149
273,8,60,220,6,1919,1937,3,1,3,592,2011,NewDirect,445111
274,5,21,69,4,1988,2005,2,1,3,516,2013,NewAgent,65016
275,7,68,231,5,1946,1965,1,0,3,618,2011,ContractAgent,370668
276,5,46,88,5,1923,1938,1,2,2,231,2010,NewAgent,180778
277,8,40,237,4,1919,1935,3,1,3,690,2013,NewAgent,344859
278,9,35,341,5,1969,1987,3,2,1,134,2012,ContractAgent,323841
279,8,8,230,4,1923,1943,2,2,2,206,2014,ContractDirect,330334
280,8,3,221,2,1930,1947,3,2,1,105,2006,NewDirect,437879
281,8,39,204,5,1941,1959,3,1,1,131,2006,NewAgent,498674
282,9,46,333,2,1974,1990,3,2,2,278,2008,NewAgent,349527
283,8,56,241,1,1942,1960,3,1,2,308,2006,ContractAgent,456592
284,9,21,331,5,1976,1993,2,1,1,141,2009,NewAgent,474809
285,8,38,203,3,1922,1937,3,2,1,133,2013,ContractDirect,378631
286,2,11,72,6,1911,1928,1,1,2,302,2012,NewDirect,154862
287,7,15,244,1,1962,1978,1,2,3,511,2012,NewDirect,135311
288,4,17,167,3,1988,2008,2,2,2,193,2011,NewDirect,271056
289,6,58,146,3,1935,1954,1,1,3,791,2006,ContractAgent,102173
290,7,6,230,1,1942,1959,2,1,3,576,2011,ContractDirect,175500
291,2,62,61,1,1989,2004,1,0,1,138,2011,NewAgent,138867
292,7,33,205,1,1972,1989,1,1,2,209,2011,NewAgent,358317
293,9,37,319,3,1912,1932,2,1,3,724,2012,ContractAgent,301885
294,4,65,NA,2,1976,1993,1,0,3,698,2009,NewDirect,207349
295,5,51,58,6,1987,2007,1,0,2,306,2013,ContractAgent,169530
296,5,70,91,2,1977,1993,2,1,1,140,2006,ContractDirect,167306
297,3,1,152,2,1988,2004,2,0,3,544,2007,ContractAgent,139676
298,5,24,57,1,1918,1938,1,1,3,516,2014,NewAgent,163027
299,4,57,149,1,1965,1982,1,1,1,114,2012,ContractDirect,224985
300,8,10,224,3,1911,1929,3,2,2,137,2008,NewAgent,485928
301,4,71,172,2,1988,2008,2,2,3,695,2014,ContractDirect,306111
302,6,45,154,6,1929,1946,2,0,1,115,2008,NewAgent,289931
303,8,17,230,5,1921,1937,2,1,1,134,2010,ContractAgent,307981
304,8,5,236,6,1914,1929,3,1,3,588,2009,NewDirect,372482
305,7,46,200,4,1967,1987,2,2,2,333,2007,NewAgent,258302
306,6,33,126,1,1976,1994,1,1,1,132,2006,ContractDirect,198027
307,1,53,78,4,1979,1997,1,1,3,745,2009,NewAgent,105261
308,4,45,170,4,1952,1968,2,1,3,722,2014,ContractAgent,260369
309,8,4,203,5,1933,1951,3,1,1,115,2013,ContractDirect,428768
310,5,33,na,5,1955,1973,1,1,2,259,2011,ContractAgent,52944
311,3,11,150,2,1932,1949,1,1,1,146,2008,ContractDirect,206130
312,8,10,216,4,1921,1939,2,1,2,169,2014,ContractAgent,309984
313,2,28,80,3,1974,1992,1,1,1,136,2010,ContractDirect,142800
314,7,37,215,2,1936,1953,1,2,1,120,2009,ContractAgent,292002
315,8,63,244,5,1957,1974,3,1,3,533,2014,NewAgent,381951
316,5,23,NA,5,1935,1950,2,2,3,560,2012,NewAgent,71552
317,6,57,126,2,1988,2007,2,0,3,556,2009,ContractDirect,221227
318,3,64,NA,4,1921,1941,2,2,3,657,2012,ContractDirect,290797
319,4,52,172,3,1955,1973,2,2,3,800,2013,NewDirect,349067
320,1,42,70,3,1951,1971,2,0,2,246,2011,ContractAgent,107079
321,8,11,219,1,1971,1987,3,1,2,226,2014,NewDirect,489251
322,8,39,244,2,1955,1973,3,1,1,109,2013,NewDirect,478716
323,1,35,90,5,1988,2007,1,0,3,710,2007,ContractDirect,134928
324,9,43,345,4,1980,2000,2,1,2,225,2012,NewAgent,318666
325,8,50,233,4,1921,1937,3,1,1,139,2014,ContractAgent,457104
326,9,19,305,2,1969,1984,2,2,3,574,2010,ContractAgent,410131
327,6,25,154,4,1935,1952,1,0,1,110,2008,ContractDirect,329364
328,5,23,70,3,1963,1978,2,1,3,580,2012,ContractDirect,82012
329,8,39,225,6,1980,1999,2,2,1,137,2014,NewDirect,450355
330,2,50,83,4,1930,1950,1,2,1,138,2006,ContractDirect,167688
331,8,14,242,1,1924,1940,3,1,2,197,2009,NewAgent,379389
332,8,30,225,6,1979,1999,3,1,3,534,2012,ContractAgent,448785
333,8,38,200,5,1940,1955,2,2,3,667,2014,NewAgent,499492
334,8,45,234,2,1933,1952,3,1,2,277,2012,NewDirect,395760
335,1,66,79,2,1918,1934,1,1,3,709,2013,NewDirect,183876
336,8,64,226,6,1918,1937,3,1,3,618,2006,NewAgent,332522
337,8,62,248,5,1913,1931,3,1,3,530,2006,NewDirect,453200
338,2,53,70,5,1911,1929,1,1,3,645,2014,ContractDirect,93717
339,8,6,215,2,1948,1967,3,1,1,123,2010,ContractDirect,385569
340,4,16,129,6,1966,1986,1,0,2,141,2011,ContractAgent,346723
341,2,44,68,4,1979,1995,1,2,3,665,2011,NewAgent,128031
342,4,22,180,1,1938,1953,1,1,3,692,2012,ContractDirect,213750
343,3,14,158,3,1955,1973,1,1,3,703,2012,ContractDirect,159187
344,6,35,160,2,1937,1957,1,1,2,140,2006,NewAgent,203285
345,6,19,159,2,1934,1950,1,1,1,111,2006,ContractAgent,220613
346,5,70,55,2,1973,1990,2,0,1,130,2009,ContractAgent,96583
347,2,34,59,4,1954,1972,2,0,3,587,2011,NewAgent,56987
348,9,8,332,6,1966,1986,2,2,2,143,2014,NewAgent,433683
349,7,9,205,2,1950,1967,2,1,1,138,2012,ContractDirect,345742
350,5,6,84,3,1987,2003,2,2,3,597,2010,NewDirect,190794
351,2,19,55,3,1971,1990,1,0,1,115,2014,NewDirect,123828
352,5,44,94,6,1930,1946,1,1,1,127,2012,ContractDirect,61702
353,8,6,242,3,1921,1941,2,1,1,112,2008,NewDirect,488699
354,7,71,230,1,1985,2002,1,1,2,129,2013,ContractDirect,104955
355,5,14,80,4,1938,1956,2,1,3,523,2012,NewAgent,102991
356,2,1,85,2,1978,1993,1,1,3,556,2006,ContractDirect,194174
357,1,10,78,6,1930,1946,2,1,1,106,2009,ContractDirect,150889
358,8,35,207,6,1966,1983,3,1,3,591,2010,ContractDirect,404364
359,8,12,229,2,1960,1978,2,1,2,141,2014,ContractAgent,410390
360,3,7,149,6,1937,1953,1,1,3,665,2006,ContractAgent,226467
361,8,68,212,3,1967,1982,2,2,2,151,2014,ContractDirect,411480
362,3,63,176,1,1963,1981,1,0,2,289,2007,NewDirect,205087
363,6,6,126,5,1966,1983,1,0,3,766,2013,ContractDirect,265396
364,4,19,133,4,1934,1951,1,0,1,121,2008,NewDirect,335470
365,8,60,215,6,1988,2004,3,1,2,248,2008,ContractDirect,377410
366,3,47,162,5,1981,1997,2,2,3,642,2013,ContractAgent,337644
367,9,65,310,4,1935,1951,2,1,3,573,2009,ContractAgent,489787
368,3,54,174,5,1983,2002,1,0,1,115,2008,ContractDirect,210339
369,7,51,201,6,1927,1947,1,1,2,139,2012,ContractAgent,160333
370,8,55,214,2,1945,1962,3,2,1,122,2012,NewDirect,305324
371,7,19,200,2,1952,1967,2,1,3,620,2006,NewDirect,360337
372,1,5,94,5,1955,1970,1,2,2,133,2010,NewDirect,108365
373,9,39,349,5,1951,1968,2,1,1,144,2011,ContractAgent,445012
374,9,48,321,2,1951,1969,2,2,1,143,2011,ContractDirect,406080
375,5,30,76,2,1985,2002,1,2,3,787,2013,NewDirect,165938
376,4,42,164,4,1970,1988,1,0,2,278,2009,NewDirect,135585
377,8,45,206,5,1930,1950,2,2,3,548,2006,NewAgent,354054
378,3,42,140,6,1986,2004,2,2,2,248,2012,ContractAgent,326202
379,8,40,211,2,1911,1931,3,1,1,125,2006,ContractDirect,477231
380,1,56,68,5,1947,1964,1,2,2,209,2008,NewAgent,86530
381,4,23,151,3,1958,1973,2,2,2,340,2013,ContractDirect,239616
382,3,36,169,4,1946,1966,2,0,1,123,2006,NewDirect,224417
383,1,10,70,2,1957,1974,1,0,2,278,2008,ContractDirect,134454
384,1,36,76,1,1914,1932,2,0,2,188,2011,NewDirect,106514
385,6,52,149,6,1915,1931,2,2,1,143,2006,NewAgent,289944
386,9,30,327,4,1932,1947,2,2,1,116,2010,NewAgent,495373
387,9,26,318,2,1978,1994,3,2,2,208,2009,ContractDirect,464892
388,7,59,236,4,1975,1990,2,1,3,577,2010,NewDirect,53135
389,4,7,134,4,1970,1988,1,1,1,123,2014,NewAgent,178112
390,7,16,200,3,1924,1942,2,2,2,200,2007,NewDirect,472226
391,6,60,180,3,1928,1946,1,2,1,116,2014,NewDirect,303766
392,6,17,157,3,1985,2001,1,1,2,247,2014,NewAgent,273816
393,4,42,164,1,1922,1940,1,0,2,185,2007,NewDirect,266352
394,1,35,81,1,1962,1980,1,1,3,549,2008,NewDirect,135472
395,1,37,66,5,1971,1991,1,2,3,634,2010,ContractDirect,155437
396,8,7,207,6,1946,1966,3,2,1,126,2011,ContractDirect,304270
397,3,45,162,1,1962,1978,2,0,2,315,2014,NewAgent,211073
398,2,33,71,1,1975,1990,2,0,1,113,2009,NewDirect,90774
399,5,7,100,3,1984,2003,2,0,3,576,2011,ContractAgent,110311
400,8,61,217,1,1981,1996,2,2,2,301,2012,NewAgent,428829
401,8,18,213,5,1920,1935,2,2,2,219,2009,ContractAgent,416581
402,6,52,132,5,1965,1980,2,0,2,122,2007,ContractDirect,341886
403,6,29,139,1,1940,1959,2,0,1,112,2010,ContractAgent,345384
404,5,60,62,3,1915,1930,1,2,2,196,2009,NewDirect,121596
405,7,28,217,5,1946,1965,1,1,1,115,2009,ContractAgent,385435
406,6,43,164,2,1923,1942,2,1,3,594,2008,NewDirect,199019
407,9,26,337,6,1965,1982,2,1,3,545,2014,NewDirect,476155
408,2,54,60,2,1973,1991,1,1,2,240,2006,ContractAgent,157902
409,2,2,64,2,1989,2004,1,1,3,504,2013,ContractDirect,196495
410,8,20,205,5,1972,1990,3,2,2,338,2007,NewDirect,455211
411,9,55,338,3,1918,1934,2,1,3,756,2014,NewDirect,331064
412,1,66,98,4,1988,2004,2,0,2,227,2007,NewAgent,97418
413,2,51,99,6,1933,1953,1,2,1,117,2010,NewAgent,188216
414,9,21,323,3,1937,1954,2,2,1,129,2013,NewAgent,495366
415,7,3,210,1,1927,1945,1,2,3,531,2014,NewAgent,443140
416,8,17,204,5,1948,1964,3,2,3,650,2014,NewAgent,375453
417,9,30,321,2,1990,2010,2,2,1,127,2011,ContractAgent,476526
418,4,15,184,2,1914,1933,2,0,3,595,2007,ContractDirect,101881
419,7,56,200,6,1940,1959,1,0,3,514,2008,NewDirect,427996
420,9,4,300,5,1950,1967,3,1,3,589,2013,ContractAgent,331925
421,8,10,219,5,1958,1975,3,1,2,195,2008,NewDirect,452137
422,5,62,92,1,1978,1995,1,0,3,548,2011,ContractDirect,148230
423,9,39,307,1,1936,1956,2,1,1,117,2013,NewAgent,499674
424,9,30,338,5,1979,1995,3,2,1,131,2014,ContractAgent,440754
425,3,12,140,3,1931,1947,2,2,3,672,2013,ContractDirect,206219
426,3,47,160,3,1930,1949,1,2,2,211,2010,ContractAgent,142533
427,1,31,99,2,1913,1929,1,0,2,126,2009,NewDirect,191578
428,4,32,134,1,1936,1955,2,2,3,779,2013,ContractAgent,273262
429,8,19,245,6,1930,1945,2,1,3,795,2007,ContractAgent,431205
430,5,27,60,6,1980,1999,2,0,1,133,2013,NewAgent,62688
431,8,13,207,2,1984,2001,3,1,3,584,2010,ContractAgent,420398
432,2,45,98,4,1946,1966,1,2,2,297,2012,NewDirect,127604
433,2,39,82,3,1963,1979,2,2,1,134,2009,ContractDirect,164843
434,9,70,305,6,1954,1971,2,2,2,197,2011,ContractAgent,347024
435,1,50,67,3,1951,1971,1,0,3,634,2008,NewDirect,60204
436,5,51,84,5,1936,1954,1,2,2,207,2012,NewDirect,104631
437,5,34,88,4,1971,1987,2,1,3,500,2012,ContractDirect,126414
438,1,49,71,2,1946,1961,1,0,2,254,2007,ContractDirect,180728
439,5,29,100,4,1915,1933,1,2,3,775,2014,NewAgent,152233
440,9,5,347,3,1970,1990,3,1,3,572,2014,NewAgent,476999
441,3,49,178,6,1938,1958,2,0,3,787,2007,ContractAgent,153374
442,6,59,174,4,1978,1997,2,0,1,127,2012,NewDirect,131327
443,8,65,200,4,1965,1982,3,2,3,593,2013,NewDirect,406203
444,2,23,63,4,1981,1996,1,1,1,122,2008,ContractAgent,141397
445,8,42,203,2,1944,1963,2,1,3,757,2006,ContractAgent,316172
446,7,1,241,2,1939,1956,2,1,2,328,2009,NewDirect,261353
447,7,36,214,2,1928,1945,2,1,3,594,2013,NewAgent,190948
448,7,47,244,5,1926,1942,1,0,3,743,2013,ContractDirect,236491
449,4,69,170,3,1973,1990,1,0,2,126,2006,ContractDirect,285089
450,5,68,70,4,1959,1979,2,1,1,109,2006,ContractDirect,184795
451,7,NA,214,6,1937,1956,2,0,3,545,2007,ContractDirect,235315
452,5,51,93,4,1939,1956,2,2,1,116,2009,NewAgent,132143
453,8,43,226,5,1917,1936,3,2,1,132,2007,ContractAgent,431188
454,9,13,337,1,1923,1938,3,2,2,279,2012,ContractDirect,465092
455,3,52,135,1,1977,1993,2,0,2,296,2012,NewAgent,252040
456,1,NA,62,3,1977,1997,2,2,1,120,2014,ContractDirect,150732
457,5,70,82,1,1979,1998,1,2,2,154,2010,NewDirect,141528
458,7,14,241,1,1952,1972,2,2,3,701,2010,NewAgent,97698
459,5,21,87,6,1946,1963,1,1,2,135,2006,NewAgent,102248
460,7,58,243,6,1978,1998,1,1,2,178,2007,NewDirect,481084
461,9,12,325,5,1916,1935,2,2,3,740,2014,ContractDirect,333147
462,2,48,97,4,1984,2003,2,1,2,149,2012,ContractAgent,178253
463,1,27,60,4,1914,1934,2,1,3,512,2007,NewDirect,89701
464,5,27,82,4,1931,1946,1,1,2,285,2012,NewAgent,162602
465,6,34,176,6,1924,1943,1,1,3,672,2010,NewAgent,207587
466,5,49,64,6,1969,1985,2,2,1,109,2010,NewAgent,64638
467,5,66,78,3,1935,1951,1,1,3,734,2014,ContractAgent,139796
468,7,12,226,5,1974,1994,2,1,3,520,2006,ContractAgent,315893
469,8,NA,212,6,1971,1989,2,2,1,136,2006,ContractDirect,386841
470,6,60,168,2,1974,1994,1,2,1,106,2010,NewDirect,320028
471,2,NA,79,4,1969,1984,2,1,2,333,2012,ContractAgent,154484
472,8,NA,207,4,1978,1996,3,1,3,545,2013,NewDirect,368451
473,7,29,231,5,1958,1978,2,2,3,612,2011,NewDirect,109571
474,7,1,208,4,1930,1946,1,1,2,340,2011,NewDirect,478759
475,4,13,183,2,1976,1992,1,2,1,136,2013,ContractAgent,195196
476,1,NA,91,4,1931,1951,2,0,3,545,2009,NewAgent,99167
477,4,62,163,2,1942,1962,2,0,1,121,2012,ContractDirect,259243
478,5,NA,87,2,1982,2002,2,1,1,121,2012,NewAgent,199698
479,4,58,166,3,1951,1967,2,2,1,144,2008,ContractDirect,136853
480,6,67,162,2,1918,1933,1,0,2,277,2014,ContractAgent,265163
481,7,26,223,3,1935,1954,2,1,2,271,2011,NewDirect,239090
482,8,62,216,6,1933,1951,3,1,2,330,2007,ContractAgent,381864
483,1,42,81,6,1934,1953,1,2,2,251,2010,ContractDirect,153189
484,8,44,241,4,1980,1997,2,2,1,131,2012,ContractAgent,443175
485,9,64,314,1,1924,1944,2,2,1,125,2011,NewDirect,402454
486,8,50,229,1,1923,1941,2,1,3,538,2008,ContractDirect,332676
487,5,14,92,2,1922,1940,1,1,1,109,2013,NewDirect,115498
488,1,5,98,6,1963,1983,1,1,2,256,2012,NewAgent,165921
489,3,46,130,4,1969,1986,1,0,3,755,2007,NewDirect,151317
490,2,47,56,1,1947,1963,2,1,1,107,2012,NewDirect,123088
491,3,54,140,6,1946,1965,1,0,1,106,2013,ContractDirect,342826
492,8,68,240,2,1952,1967,2,2,3,648,2009,ContractDirect,487954
493,3,41,174,4,1988,2007,2,1,1,146,2014,ContractAgent,225947
494,4,31,130,2,1985,2003,2,0,2,194,2009,ContractDirect,135907
495,9,37,313,3,1916,1935,2,1,3,788,2009,NewDirect,351478
496,2,37,88,4,1990,2010,2,0,2,138,2011,ContractAgent,86562
497,7,26,NA,1,1952,1970,1,2,3,761,2013,NewDirect,318692
498,4,55,NA,1,1985,2003,1,0,1,100,2009,ContractDirect,198838
499,8,46,205,1,1984,2000,3,1,1,113,2008,ContractDirect,368173
500,8,20,210,5,1947,1967,3,2,2,134,2010,ContractAgent,365119
501,6,19,182,5,1947,1965,1,2,2,334,2011,ContractDirect,294816
502,1,2,84,4,1910,1927,2,2,1,135,2012,NewAgent,102040
503,3,39,184,1,1988,2008,2,1,1,103,2014,NewAgent,346107
504,5,15,97,1,1938,1954,1,1,3,777,2013,ContractDirect,75187
505,9,35,306,3,1974,1989,2,1,1,116,2009,ContractDirect,393330
506,8,28,225,2,1927,1943,2,2,2,135,2008,NewDirect,437830
507,7,20,208,1,1960,1977,1,2,2,203,2012,NewDirect,394087
508,7,6,220,3,1964,1983,1,1,2,236,2008,NewDirect,88613
509,1,33,99,6,1936,1954,1,2,3,708,2010,NewAgent,186468
510,8,21,204,6,1972,1991,2,1,3,615,2006,NewAgent,359154
511,6,35,156,4,1929,1946,2,2,1,146,2011,NewDirect,309070
512,7,48,213,4,1974,1989,1,1,2,299,2011,ContractDirect,456744
513,5,71,69,2,1939,1957,2,1,2,259,2012,ContractDirect,96697
514,1,13,88,5,1932,1952,1,1,3,667,2013,ContractDirect,96670
515,7,38,232,5,1955,1973,1,2,2,326,2011,NewAgent,155757
516,2,48,86,1,1985,2005,2,0,2,335,2012,ContractDirect,76296
517,4,12,164,6,1969,1984,2,0,1,117,2008,NewDirect,194427
518,2,31,93,2,1928,1948,2,0,2,241,2013,NewDirect,137004
519,5,38,64,5,1914,1932,1,2,1,106,2009,ContractDirect,113548
520,9,14,317,1,1926,1946,2,2,2,286,2011,ContractAgent,487952
521,5,35,96,2,1978,1994,2,0,1,129,2009,NewAgent,159388
522,4,36,162,5,1976,1995,1,1,3,659,2009,NewAgent,314526
523,9,41,335,3,1930,1947,3,1,1,112,2008,NewDirect,470958
524,2,43,80,6,1967,1982,2,1,1,145,2012,ContractAgent,184921
525,5,25,84,4,1934,1953,2,0,2,339,2014,NewAgent,126260
526,2,8,58,5,1919,1938,2,1,1,113,2009,ContractAgent,64469
527,5,2,76,2,1972,1990,1,0,1,150,2014,ContractDirect,116146
528,5,18,85,5,1961,1980,1,2,3,751,2012,ContractAgent,114917
529,8,70,239,6,1981,1999,2,1,2,158,2007,NewAgent,346207
530,1,59,63,6,1919,1935,1,2,2,130,2010,NewDirect,110701
531,9,70,345,5,1911,1929,2,1,1,129,2012,ContractDirect,320493
532,8,69,232,1,1971,1990,3,1,1,101,2014,ContractAgent,315922
533,8,48,201,5,1951,1971,2,2,2,171,2010,ContractAgent,459583
534,5,64,65,4,1928,1948,1,0,2,304,2011,NewAgent,167191
535,5,46,69,5,1910,1928,2,2,2,290,2014,NewDirect,80483
536,9,41,318,3,1973,1989,2,1,2,276,2008,ContractDirect,348338
537,9,17,300,5,1971,1991,2,1,2,232,2014,NewDirect,307417
538,9,41,340,4,1945,1962,3,1,2,224,2014,NewAgent,412033
539,8,66,226,5,1911,1929,2,2,2,320,2011,ContractDirect,448875
540,9,30,345,2,1953,1969,3,1,3,715,2010,ContractAgent,441986
541,9,71,331,4,1973,1988,3,2,2,296,2013,NewAgent,438369
542,8,5,210,4,1981,1998,3,2,1,115,2007,NewDirect,339625
543,1,50,89,5,1972,1988,2,1,3,564,2008,NewAgent,178341
544,8,65,210,6,1934,1952,3,2,3,522,2012,NewAgent,431571
545,5,37,74,4,1962,1982,2,2,3,785,2007,NewAgent,190942
546,1,53,96,5,1916,1933,2,1,2,170,2007,ContractAgent,62911
547,5,22,81,3,1938,1955,2,0,1,107,2006,NewAgent,188352
548,6,48,152,3,1962,1978,2,0,3,520,2012,NewAgent,126012
549,8,1,222,1,1923,1940,2,2,3,674,2007,NewDirect,340577
550,3,60,174,1,1941,1960,2,1,3,595,2011,NewAgent,214885
551,8,10,228,2,1914,1934,2,1,1,137,2006,NewAgent,416619
552,9,14,343,3,1955,1972,3,1,1,112,2012,NewAgent,440051
553,9,37,308,4,1947,1963,3,2,2,128,2007,ContractDirect,458194
554,5,45,56,2,1941,1957,1,2,1,146,2007,NewDirect,111940
555,7,34,240,2,1934,1953,2,0,3,621,2007,NewDirect,440037
556,1,11,60,1,1936,1955,2,2,2,217,2008,ContractAgent,118348
557,9,28,341,1,1936,1954,2,2,3,775,2013,NewDirect,347120
558,4,60,175,4,1917,1934,2,0,2,239,2012,ContractDirect,109940
559,4,52,138,4,1963,1983,2,2,2,312,2006,NewAgent,237788
560,1,9,65,5,1959,1975,1,1,3,555,2008,ContractAgent,174810
561,9,31,331,6,1938,1953,2,1,3,670,2009,NewDirect,487916
562,9,34,330,2,1942,1959,3,1,3,571,2013,ContractAgent,467881
563,5,7,56,6,1920,1939,2,0,1,131,2013,ContractAgent,113486
564,4,21,153,5,1926,1942,1,0,2,315,2010,NewDirect,178659
565,8,19,210,4,1920,1935,3,2,3,663,2008,ContractAgent,414432
566,9,62,304,2,1949,1965,3,2,3,762,2006,ContractDirect,413098
567,8,67,232,2,1959,1975,3,1,2,206,2011,NewAgent,412624
568,6,12,157,4,1975,1995,2,1,3,621,2008,NewAgent,298972
569,8,21,217,5,1960,1976,3,2,2,299,2009,NewDirect,418968
570,6,10,161,1,1920,1935,2,2,3,701,2007,ContractAgent,277574
571,2,44,80,3,1915,1931,1,2,3,783,2008,ContractAgent,79631
572,7,46,236,1,1940,1957,1,1,3,672,2014,ContractAgent,296515
573,9,9,310,5,1912,1929,2,1,2,224,2006,NewAgent,450761
574,6,44,138,4,1940,1960,1,1,3,748,2008,ContractDirect,340510
575,9,8,308,5,1960,1977,3,1,1,105,2008,ContractAgent,369273
576,4,31,139,2,1989,2008,2,2,1,138,2012,ContractDirect,122257
577,6,46,166,3,1965,1984,1,0,1,146,2011,NewAgent,121184
578,8,10,221,4,1980,1999,3,2,3,795,2006,ContractAgent,365195
579,2,53,65,2,1946,1966,1,1,2,210,2014,NewDirect,128846
580,5,6,93,1,1913,1930,2,2,1,107,2007,ContractDirect,118840
581,5,15,85,3,1912,1927,2,0,1,117,2010,ContractAgent,159202
582,2,51,100,2,1959,1978,2,0,3,648,2007,NewAgent,85454
583,2,35,79,6,1967,1983,2,2,1,133,2011,ContractDirect,100826
584,4,46,134,4,1916,1936,2,2,1,113,2006,ContractAgent,134345
585,7,51,204,1,1944,1961,1,0,3,630,2007,ContractDirect,355364
586,4,9,167,5,1978,1993,2,2,1,136,2007,NewAgent,329090
587,5,71,74,3,1988,2005,1,0,3,645,2013,ContractDirect,188955
588,4,27,164,6,1966,1984,2,2,2,192,2009,NewAgent,329890
589,6,3,135,4,1943,1959,2,0,3,718,2010,ContractDirect,284999
590,8,51,237,6,1973,1990,2,2,3,688,2006,ContractDirect,380485
591,2,35,60,3,1951,1968,2,1,3,517,2009,ContractAgent,89567
592,5,32,99,4,1928,1943,1,1,1,132,2008,NewAgent,130781
593,5,49,57,4,1984,2000,1,0,3,632,2010,NewAgent,186441
594,4,43,156,3,1989,2005,2,2,3,778,2008,NewDirect,255657
595,1,30,80,4,1915,1931,2,1,2,205,2013,ContractDirect,81497
596,9,1,325,6,1930,1949,3,1,2,137,2014,ContractAgent,365406
597,4,18,150,6,1935,1955,1,2,2,315,2009,ContractAgent,106203
598,6,27,139,2,1948,1965,1,2,2,196,2010,NewAgent,151563
599,4,27,145,5,1982,1999,1,0,3,780,2008,NewAgent,314607
600,9,23,301,1,1974,1993,3,1,3,525,2013,ContractAgent,378757
601,8,62,234,4,1961,1977,2,2,3,731,2011,NewDirect,309800
602,8,18,218,6,1981,2001,2,1,1,107,2008,NewAgent,351239
603,8,51,200,3,1968,1986,3,2,2,150,2011,ContractDirect,417923
604,9,14,324,6,1912,1928,2,1,2,325,2010,ContractAgent,345362
605,5,55,68,6,1952,1972,2,0,1,111,2008,NewDirect,122065
606,7,58,238,3,1962,1978,1,1,3,583,2013,ContractDirect,187482
607,4,35,156,5,1938,1953,2,2,3,503,2012,NewAgent,312374
608,2,2,61,5,1910,1929,1,1,3,671,2008,NewDirect,138080
609,8,18,216,4,1979,1996,3,2,2,219,2009,ContractDirect,349051
610,5,27,80,4,1934,1954,2,2,1,123,2010,ContractDirect,144831
611,7,56,237,3,1933,1953,1,1,2,204,2007,ContractAgent,333388
612,2,16,94,3,1934,1949,1,1,3,520,2013,NewAgent,117393
613,1,39,90,6,1990,2008,1,0,1,135,2008,ContractDirect,154437
614,1,43,61,5,1951,1968,1,0,3,648,2013,NewDirect,193680
615,1,13,81,5,1959,1974,2,2,2,332,2013,ContractAgent,116528
616,8,31,212,1,1957,1972,2,2,2,271,2006,ContractDirect,369173
617,8,1,215,2,1990,2007,3,2,1,124,2014,ContractDirect,359859
618,6,4,141,3,1983,2003,1,1,2,160,2006,ContractAgent,245832
619,6,12,149,4,1932,1951,2,1,1,125,2013,ContractDirect,126727
620,1,48,66,5,1953,1970,2,2,2,333,2006,ContractAgent,146251
621,2,23,76,6,1949,1964,2,1,1,111,2006,NewAgent,83203
622,5,31,94,3,1983,1999,1,2,1,128,2010,NewAgent,60586
623,7,9,231,3,1988,2008,2,0,1,148,2012,NewAgent,386393
624,2,54,96,5,1969,1986,2,2,1,114,2008,NewDirect,184353
625,1,45,75,5,1916,1934,1,2,3,744,2010,ContractAgent,111435
626,3,22,162,1,1956,1973,1,2,3,786,2010,ContractDirect,295133
627,1,26,90,2,1948,1965,2,1,2,163,2009,NewAgent,189691
628,1,19,98,2,1987,2005,2,2,2,163,2014,NewAgent,192355
629,8,1,243,2,1917,1933,3,1,2,233,2011,ContractAgent,388781
630,8,7,229,4,1929,1945,2,1,2,276,2010,NewDirect,308811
631,1,62,98,4,1910,1928,1,1,1,111,2008,NewAgent,79785
632,6,27,174,6,1932,1951,2,0,3,658,2010,NewAgent,104318
633,2,14,66,2,1967,1984,2,2,1,123,2007,NewDirect,148976
634,6,17,131,4,1967,1983,1,0,2,253,2007,ContractDirect,131896
635,1,64,62,5,1968,1986,2,2,1,147,2007,ContractDirect,97705
636,8,3,223,2,1971,1991,2,2,2,125,2013,NewDirect,384179
637,4,71,181,6,1926,1941,1,0,3,504,2009,ContractDirect,181596
638,9,51,306,5,1929,1946,3,1,2,154,2012,ContractDirect,399580
639,8,31,224,2,1988,2006,3,1,1,103,2012,NewAgent,358126
640,8,69,223,4,1928,1946,3,1,2,226,2011,NewAgent,459442
641,8,2,243,3,1961,1977,2,2,3,534,2012,ContractDirect,339301
642,2,32,59,3,1933,1952,1,0,3,507,2010,ContractAgent,54215
643,8,62,207,1,1964,1980,3,1,3,540,2010,NewDirect,361551
644,4,64,NA,3,1954,1970,1,2,1,100,2006,ContractDirect,270226
645,1,69,66,4,1942,1958,1,2,2,132,2008,NewDirect,185310
646,8,44,201,3,1969,1985,3,1,1,135,2013,ContractAgent,498077
647,5,19,57,4,1987,2007,1,2,3,536,2007,NewAgent,182286
648,1,4,58,3,1939,1955,1,1,1,100,2011,ContractAgent,151863
649,8,69,215,5,1953,1970,2,1,2,210,2012,ContractAgent,475836
650,7,16,242,2,1951,1967,2,1,2,295,2014,ContractAgent,333223
651,9,7,330,2,1972,1987,2,1,2,289,2011,NewAgent,493670
652,7,8,208,2,1924,1940,1,0,1,134,2011,ContractAgent,170383
653,2,68,84,6,1943,1961,1,2,1,150,2014,NewAgent,53061
654,3,33,143,3,1927,1947,1,2,1,150,2006,NewAgent,186850
655,6,50,166,5,1935,1950,2,1,1,129,2008,NewDirect,218590
656,1,15,91,4,1964,1983,2,2,2,180,2011,NewAgent,188989
657,4,63,168,2,1926,1941,2,0,2,289,2011,ContractAgent,114271
658,1,65,58,4,1989,2005,1,1,1,108,2011,ContractAgent,80597
659,1,7,64,6,1940,1955,2,0,2,307,2012,NewDirect,65537
660,6,42,151,3,1965,1984,2,0,2,313,2009,ContractDirect,261694
661,5,9,70,2,1939,1958,1,2,2,186,2006,ContractDirect,68009
662,7,13,228,5,1944,1964,1,2,1,100,2008,NewAgent,434004
663,8,15,232,3,1942,1962,3,2,2,159,2006,ContractAgent,442582
664,7,28,205,5,1959,1975,1,2,1,108,2008,NewDirect,179509
665,8,61,221,2,1931,1946,2,2,2,135,2014,NewDirect,463726
666,9,26,332,1,1976,1991,3,2,1,140,2011,ContractAgent,451740
667,1,53,59,5,1913,1932,1,1,2,280,2014,ContractDirect,152380
668,3,9,172,4,1927,1945,2,2,1,127,2006,NewAgent,145413
669,1,69,95,5,1974,1990,1,0,3,611,2013,NewDirect,191986
670,4,43,181,6,1919,1936,1,0,1,104,2012,ContractAgent,179963
671,8,36,237,2,1929,1947,2,1,3,578,2013,NewAgent,464568
672,8,57,206,5,1925,1940,2,2,1,144,2006,NewAgent,329922
673,5,45,73,4,1938,1953,1,1,2,182,2006,ContractDirect,197136
674,8,67,243,2,1934,1952,2,2,3,667,2011,ContractAgent,479872
675,5,33,66,1,1970,1990,1,0,3,674,2014,ContractDirect,88968
676,2,34,78,3,1940,1956,1,1,3,583,2007,ContractDirect,74674
677,1,53,56,6,1960,1976,1,2,1,120,2010,NewDirect,99908
678,4,15,166,5,1988,2005,2,0,3,509,2012,NewDirect,246737
679,2,4,87,1,1917,1933,1,0,2,335,2009,ContractDirect,184769
680,8,1,217,3,1934,1950,3,1,2,165,2008,NewDirect,406051
681,8,47,204,5,1961,1980,2,2,3,724,2008,ContractDirect,472924
682,8,67,240,5,1971,1988,3,1,3,687,2009,ContractDirect,457373
683,8,5,208,3,1931,1950,2,2,3,673,2014,NewAgent,479377
684,9,45,312,2,1932,1949,3,2,1,138,2011,NewDirect,443551
685,7,65,230,5,1914,1932,1,2,1,122,2007,ContractAgent,289948
686,7,25,238,2,1990,2006,2,0,1,134,2013,NewDirect,488966
687,9,25,304,2,1935,1955,3,1,1,140,2011,ContractDirect,367675
688,9,67,332,5,1924,1943,3,1,3,650,2012,ContractAgent,390736
689,6,9,132,3,1972,1987,2,2,2,321,2011,ContractDirect,137307
690,1,10,90,1,1949,1965,1,2,1,129,2010,NewAgent,107931
691,2,56,58,5,1936,1954,1,2,3,588,2011,NewAgent,163413
692,7,1,225,3,1954,1973,1,0,1,112,2011,ContractDirect,494374
693,9,65,308,6,1961,1977,3,2,2,250,2014,NewAgent,408478
694,5,14,69,4,1944,1960,1,2,3,703,2010,ContractDirect,188977
695,6,66,170,6,1980,1998,1,1,3,710,2012,NewDirect,131455
696,5,57,98,3,1912,1930,1,1,1,150,2010,NewDirect,105063
697,3,37,151,3,1983,2000,2,1,3,723,2006,ContractDirect,107532
698,1,67,56,3,1952,1968,1,1,2,152,2007,NewAgent,80391
699,6,10,160,6,1911,1926,2,1,3,642,2011,ContractDirect,261188
700,7,32,206,3,1945,1963,1,2,2,169,2007,NewDirect,228087
701,8,63,250,4,1947,1965,3,2,2,253,2006,NewAgent,337841
702,2,29,97,3,1925,1943,1,0,1,126,2013,ContractDirect,199574
703,5,39,NA,1,1977,1997,1,1,3,797,2006,NewAgent,181229
704,2,5,NA,5,1964,1980,1,0,1,140,2006,ContractAgent,82286
705,2,28,NA,5,1951,1968,2,1,3,799,2013,ContractAgent,196232
706,8,48,240,4,1988,2007,3,1,2,271,2014,ContractDirect,360541
707,2,34,80,5,1941,1959,2,1,1,137,2008,NewAgent,85076
708,4,27,172,5,1958,1978,2,2,2,281,2008,ContractAgent,301232
709,5,52,77,2,1981,2000,1,1,2,221,2010,NewAgent,100589
710,5,64,70,2,1921,1941,1,1,3,767,2008,NewDirect,58558
711,7,34,245,5,1979,1998,2,1,1,139,2014,ContractAgent,460121
712,8,59,220,4,1932,1947,3,2,3,618,2008,ContractDirect,483009
713,3,66,166,4,1946,1964,2,0,2,161,2007,ContractDirect,268728
714,1,44,91,4,1938,1957,1,0,3,699,2014,ContractAgent,96878
715,1,13,80,5,1985,2005,1,0,2,216,2007,ContractDirect,186975
716,7,71,237,2,1916,1935,2,2,3,509,2008,ContractDirect,191416
717,6,44,125,1,1948,1965,2,1,1,116,2011,NewAgent,193491
718,1,11,87,2,1954,1974,2,0,2,241,2006,NewDirect,68594
719,8,43,223,5,1929,1946,3,2,2,248,2010,ContractAgent,459799
720,2,NA,72,6,1934,1953,2,0,1,116,2014,NewAgent,61257
721,5,15,61,5,1931,1951,2,2,3,766,2012,NewAgent,99972
722,2,4,82,5,1987,2005,1,0,2,136,2010,ContractDirect,54864
723,2,39,98,5,1964,1984,2,1,1,124,2010,ContractAgent,165293
724,9,31,340,6,1941,1959,3,2,2,212,2014,ContractAgent,374218
725,2,15,58,1,1946,1961,2,0,1,142,2006,ContractDirect,51806
726,4,NA,176,3,1972,1989,1,1,3,558,2006,ContractAgent,334506
727,8,7,241,2,1979,1995,2,2,3,654,2010,NewAgent,469817
728,7,16,244,3,1970,1986,1,2,2,186,2011,NewDirect,247502
729,5,1,65,2,1918,1936,1,2,1,135,2012,NewDirect,129459
730,2,38,55,5,1941,1957,1,1,2,302,2010,NewAgent,120775
731,3,NA,171,1,1975,1993,2,0,3,655,2009,ContractDirect,131876
732,2,NA,79,2,1925,1941,2,2,2,221,2014,NewAgent,71311
733,7,45,244,2,1918,1937,2,1,2,187,2011,ContractDirect,218131
734,5,34,68,4,1928,1943,2,2,1,142,2012,ContractAgent,69132
735,8,18,228,1,1947,1966,3,2,3,693,2007,ContractAgent,427637
736,4,27,162,1,1986,2002,1,2,2,312,2013,NewAgent,285167
737,8,44,205,5,1920,1937,2,2,3,582,2014,NewAgent,495850
738,3,55,125,1,1914,1930,1,1,2,135,2013,NewAgent,141366
739,8,72,201,1,1955,1973,3,1,3,795,2010,NewDirect,429598
740,6,NA,145,2,1934,1952,1,1,1,100,2007,NewAgent,278188
741,8,NA,231,5,1982,2000,3,2,2,139,2007,NewAgent,451084
742,7,11,203,5,1969,1989,1,1,3,750,2014,NewAgent,59045
743,3,69,185,4,1962,1982,1,2,2,274,2010,NewAgent,346104
744,7,52,243,5,1923,1940,1,0,3,610,2013,NewAgent,144290
745,4,8,165,3,1964,1980,1,0,2,163,2009,NewAgent,178318
746,3,1,127,1,1918,1934,1,1,2,227,2011,NewAgent,345643
747,8,62,241,4,1956,1971,3,1,1,139,2008,NewDirect,359885
748,4,31,148,2,1942,1960,1,0,2,253,2009,NewAgent,324975
749,1,3,64,4,1987,2005,2,2,3,720,2013,NewAgent,54765
750,3,48,136,1,1954,1970,2,2,3,562,2010,ContractAgent,166778
751,5,4,62,5,1939,1957,2,0,2,194,2011,ContractDirect,57212
752,8,12,200,3,1946,1965,2,2,3,523,2006,NewAgent,318427
753,5,38,66,6,1972,1988,2,1,2,251,2012,ContractAgent,136217
754,1,14,72,2,1937,1953,2,1,2,286,2013,NewAgent,115401
755,2,17,58,1,1924,1941,2,2,2,170,2012,NewAgent,152722
756,7,47,248,1,1967,1983,2,2,1,123,2009,ContractDirect,454246
757,4,57,172,4,1981,1999,1,1,3,699,2008,NewDirect,301201
758,4,2,162,4,1966,1986,1,0,3,520,2006,NewDirect,168818
759,5,32,77,6,1945,1963,1,0,3,753,2007,ContractDirect,80982
760,2,64,81,4,1979,1994,1,2,3,706,2011,ContractDirect,194805
761,2,31,90,3,1980,1999,2,2,3,664,2014,NewAgent,70631
762,2,14,87,5,1916,1934,2,2,3,727,2014,NewDirect,130234
763,5,47,83,3,1960,1977,2,2,2,178,2014,NewAgent,114282
764,5,NA,83,3,1956,1971,1,0,3,562,2006,NewDirect,90884
765,8,NA,216,6,1985,2003,3,1,3,687,2011,ContractDirect,399433
766,7,27,236,3,1968,1984,2,0,3,599,2010,ContractDirect,283618
767,2,21,94,3,1915,1931,2,2,2,334,2007,NewDirect,117166
768,9,1,346,6,1983,2001,2,2,3,709,2011,NewDirect,379695
769,9,67,305,1,1959,1976,3,2,3,668,2012,ContractDirect,369439
770,4,36,147,5,1943,1963,2,2,2,334,2014,NewAgent,241181
771,7,30,206,5,1911,1929,1,0,3,698,2007,NewAgent,317444
772,9,1,332,5,1920,1936,3,2,3,665,2007,NewDirect,454893
773,7,9,213,6,1943,1962,1,2,3,746,2014,NewDirect,352955
774,8,3,202,6,1948,1967,3,1,2,212,2009,NewDirect,481593
775,1,71,71,4,1946,1962,2,0,3,669,2006,NewAgent,117730
776,7,24,204,5,1934,1952,2,2,2,273,2007,NewDirect,431345
777,8,8,218,6,1954,1969,2,1,2,326,2006,ContractAgent,454225
778,2,11,70,5,1923,1939,1,1,3,702,2009,ContractAgent,148425
779,8,55,239,6,1938,1955,2,1,1,135,2013,NewAgent,441654
780,7,71,237,6,1946,1961,2,0,1,104,2011,ContractDirect,394452
781,4,8,169,5,1911,1931,1,2,1,122,2011,ContractDirect,339113
782,6,15,160,4,1929,1944,1,2,2,237,2010,ContractDirect,165119
783,6,61,130,3,1931,1948,1,2,3,585,2011,NewDirect,232953
784,7,54,249,3,1927,1945,1,1,3,502,2007,NewDirect,161786
785,1,68,89,6,1981,2000,1,2,1,124,2008,ContractDirect,155364
786,5,45,93,1,1940,1957,2,1,2,138,2010,ContractDirect,123337
787,4,25,165,3,1966,1985,1,1,3,554,2014,ContractDirect,102700
788,1,63,97,3,1941,1957,1,1,3,528,2006,ContractDirect,161346
789,8,48,na,6,1983,2000,2,2,3,543,2009,NewDirect,451471
790,2,20,78,2,1930,1949,1,0,1,126,2008,NewDirect,85575
791,8,13,207,6,1981,1997,2,2,2,220,2014,NewAgent,431622
792,2,38,95,3,1940,1960,2,1,3,606,2012,NewAgent,104560
793,7,13,225,1,1964,1983,2,2,2,196,2012,NewDirect,221862
794,7,38,216,4,1911,1931,2,2,3,711,2013,ContractAgent,228826
795,6,36,na,3,1923,1939,1,2,1,142,2007,ContractDirect,218279
796,9,65,349,4,1961,1979,3,2,2,234,2011,ContractAgent,396840
797,6,42,162,5,1946,1966,2,1,1,123,2014,NewDirect,245888
798,4,49,150,4,1930,1950,2,1,2,180,2010,NewDirect,265739
799,2,60,59,1,1923,1941,2,2,2,152,2006,NewAgent,195832
800,4,10,145,2,1929,1949,1,2,3,680,2008,ContractDirect,184466
801,5,55,75,6,1953,1969,2,0,3,631,2006,NewDirect,106239
802,8,4,216,4,1963,1978,2,2,3,646,2014,NewDirect,306132
803,4,63,126,4,1962,1982,1,2,1,104,2006,ContractAgent,210669
804,3,33,172,5,1981,1999,2,2,2,305,2013,ContractDirect,143759
805,5,42,98,1,1941,1956,2,2,1,123,2014,ContractAgent,78567
806,2,40,70,3,1968,1986,2,0,3,704,2014,NewAgent,166807
807,3,33,140,1,1962,1977,2,0,3,658,2008,NewAgent,310185
808,8,12,235,4,1961,1980,3,2,1,142,2010,ContractDirect,300021
809,1,25,83,1,1913,1929,1,1,3,798,2008,NewDirect,128423
810,9,8,315,5,1931,1949,3,1,1,136,2013,ContractDirect,400547
811,5,23,100,3,1923,1942,1,1,3,678,2011,ContractAgent,186356
812,5,20,61,6,1930,1947,2,0,2,315,2010,ContractAgent,167860
813,6,35,153,2,1964,1979,2,2,3,779,2007,ContractDirect,337082
814,4,44,156,4,1983,2001,2,0,2,325,2012,ContractAgent,144505
815,5,49,66,2,1954,1973,1,2,1,138,2006,ContractAgent,180318
816,8,62,211,6,1947,1962,3,2,1,106,2009,NewAgent,362767
817,8,17,212,4,1983,1999,3,2,3,518,2009,ContractDirect,484382
818,4,4,126,3,1926,1946,2,1,1,124,2008,ContractAgent,217689
819,6,25,131,6,1959,1976,1,1,1,128,2006,NewAgent,288614
820,8,34,200,2,1956,1973,2,1,3,617,2009,ContractDirect,480104
821,5,57,88,3,1938,1953,2,0,3,698,2012,NewDirect,74352
822,2,11,77,4,1912,1928,2,2,3,791,2007,ContractDirect,92125
823,2,34,68,5,1985,2005,2,0,2,201,2013,NewDirect,94216
824,5,42,78,4,1963,1979,2,2,1,107,2012,ContractDirect,70602
825,8,71,232,6,1946,1963,3,1,1,145,2010,ContractDirect,440157
826,8,39,221,3,1918,1937,3,2,1,136,2007,ContractDirect,343435
827,1,60,90,2,1978,1993,2,0,2,258,2009,ContractDirect,159940
828,5,25,63,1,1928,1948,1,0,2,136,2008,NewDirect,64555
829,8,8,207,3,1971,1990,3,2,3,649,2011,NewAgent,353211
830,4,65,155,3,1921,1938,2,0,3,509,2007,ContractDirect,282489
831,5,52,95,6,1949,1965,1,1,2,225,2012,ContractDirect,106515
832,6,5,183,1,1974,1989,2,0,3,657,2011,ContractAgent,101495
833,9,52,344,6,1945,1962,2,1,3,781,2009,NewAgent,449572
834,1,63,60,3,1941,1960,2,0,2,165,2014,NewAgent,70196
835,1,69,69,5,1919,1936,2,2,1,129,2006,NewDirect,81937
836,8,57,207,5,1976,1992,3,2,1,118,2007,NewDirect,468409
837,1,41,71,1,1924,1942,1,1,2,317,2010,NewAgent,140070
838,6,42,162,5,1943,1959,1,1,3,543,2006,NewAgent,164969
839,5,65,60,3,1990,2010,1,0,3,519,2012,NewDirect,91250
840,5,19,72,5,1921,1939,1,2,3,752,2014,NewAgent,167747
841,2,24,91,2,1942,1958,1,0,3,606,2013,NewDirect,120068
842,6,60,129,3,1985,2000,1,1,1,125,2011,ContractDirect,184033
843,1,11,87,2,1952,1967,2,1,1,103,2010,ContractDirect,189403
844,9,33,305,6,1967,1986,2,1,1,146,2014,NewAgent,317584
845,1,2,65,4,1947,1966,1,0,3,715,2009,ContractDirect,72085
846,7,24,219,4,1980,1995,1,1,1,130,2013,NewDirect,106862
847,1,50,78,6,1917,1934,1,2,2,269,2008,ContractDirect,135751
848,7,32,211,6,1954,1973,2,1,3,659,2007,ContractAgent,71806
849,2,42,99,6,1941,1960,1,2,2,193,2006,NewDirect,101272
850,2,68,61,1,1944,1962,2,0,1,136,2007,ContractAgent,157425
851,9,2,329,6,1974,1993,2,2,3,513,2007,NewAgent,330996
852,8,34,246,4,1953,1968,3,2,2,193,2008,NewDirect,459284
853,4,69,130,5,1920,1939,1,0,2,312,2006,NewDirect,130372
854,6,34,182,2,1924,1944,1,2,2,151,2008,ContractDirect,220360
855,4,40,180,2,1922,1940,1,2,1,147,2012,ContractAgent,177743
856,7,39,243,5,1984,2002,2,0,3,711,2013,ContractAgent,407794
857,4,15,133,3,1973,1992,1,0,1,123,2011,NewDirect,259818
858,6,21,155,4,1930,1950,1,1,3,765,2006,NewAgent,256846
859,4,41,134,4,1932,1950,1,0,1,100,2006,ContractAgent,322925
860,4,3,144,5,1977,1995,1,2,2,199,2009,ContractDirect,166293
861,6,10,135,4,1936,1953,1,2,3,546,2013,ContractAgent,124746
862,5,14,62,2,1969,1984,1,2,1,105,2013,NewDirect,108515
863,2,61,84,3,1913,1931,1,0,3,506,2010,NewAgent,134816
864,6,11,176,3,1911,1930,2,1,1,117,2012,ContractAgent,176256
865,1,36,95,5,1968,1988,1,0,2,140,2013,ContractDirect,71026
866,6,28,154,4,1988,2006,2,0,3,713,2011,NewAgent,149770
867,2,11,72,3,1953,1972,1,1,3,680,2006,NewDirect,114759
868,8,54,248,5,1926,1945,2,1,2,258,2008,NewDirect,462819
869,2,68,58,1,1926,1945,1,0,2,168,2008,NewAgent,149897
870,5,17,77,3,1961,1981,2,1,3,643,2012,ContractAgent,176984
871,3,49,na,1,1915,1932,1,0,1,127,2006,NewDirect,333134
872,6,56,127,2,1969,1986,2,0,3,516,2010,ContractDirect,265183
873,7,9,243,3,1953,1973,2,0,2,207,2009,ContractAgent,439658
874,7,13,200,5,1929,1944,2,2,3,693,2009,NewDirect,113910
875,8,52,250,6,1981,1996,3,1,2,310,2013,ContractDirect,402463
876,9,44,304,4,1933,1952,2,2,2,280,2014,NewDirect,382799
877,9,35,323,4,1956,1973,2,2,2,263,2013,ContractDirect,322978
878,7,36,NA,6,1938,1955,1,2,1,113,2014,ContractAgent,64390
879,9,5,331,2,1969,1988,3,2,1,119,2012,ContractDirect,475091
880,4,25,132,1,1930,1946,1,2,1,113,2007,NewDirect,205419
881,6,42,182,1,1950,1966,2,0,2,187,2012,ContractAgent,153097
882,6,38,180,6,1959,1979,1,2,1,110,2013,NewDirect,172490
883,7,30,204,1,1966,1984,1,2,2,258,2007,NewDirect,359546
884,1,44,97,4,1949,1964,1,2,2,267,2008,ContractAgent,154489
885,9,32,348,6,1958,1977,2,2,3,537,2012,ContractAgent,481130
886,1,51,60,1,1951,1970,2,2,2,240,2010,ContractAgent,187494
887,1,3,56,1,1942,1960,1,1,3,785,2013,ContractAgent,103948
888,2,54,90,6,1985,2001,1,2,2,156,2009,ContractAgent,127995
889,4,61,158,3,1990,2005,2,2,3,625,2014,NewDirect,160012
890,2,28,77,5,1983,2002,2,0,2,246,2007,ContractDirect,189680
891,7,69,219,6,1952,1971,2,0,2,231,2013,ContractAgent,78964
892,9,59,306,5,1913,1928,3,2,1,141,2012,ContractAgent,430093
893,9,3,348,4,1951,1966,3,2,3,628,2008,ContractDirect,434880
894,3,38,163,2,1950,1969,1,1,3,723,2010,ContractAgent,142112
895,5,41,65,4,1947,1962,2,2,2,182,2006,ContractDirect,140463
896,8,13,206,1,1939,1957,3,1,1,135,2007,NewDirect,395053
897,1,55,100,3,1961,1978,1,2,1,117,2008,ContractAgent,126663
898,8,12,225,6,1981,1998,3,2,2,186,2011,ContractDirect,389886
899,5,33,62,1,1984,2000,1,0,3,575,2012,NewAgent,118205
900,4,31,177,6,1973,1990,1,2,3,668,2008,ContractDirect,200200
901,1,64,72,6,1979,1999,2,1,2,217,2014,NewDirect,73547
902,8,1,237,4,1915,1935,3,2,3,705,2007,ContractDirect,457632
903,3,57,125,5,1947,1964,1,2,1,104,2012,ContractDirect,272634
904,8,57,220,2,1965,1980,2,2,3,788,2010,NewAgent,422468
905,3,21,173,4,1984,2001,1,2,2,281,2011,NewDirect,135385
906,1,66,83,6,1990,2006,2,2,3,736,2007,NewAgent,112226
907,3,55,145,6,1956,1975,2,1,1,137,2007,ContractDirect,103800
908,1,36,69,2,1915,1932,2,2,1,142,2007,ContractDirect,110873
909,8,26,250,2,1957,1976,2,2,1,102,2007,ContractDirect,394199
910,8,23,232,1,1979,1995,3,2,1,108,2010,ContractAgent,389350
911,7,3,240,2,1923,1942,1,2,3,580,2010,ContractAgent,479818
912,5,33,88,4,1933,1951,2,2,3,696,2008,ContractAgent,184364
913,7,64,221,2,1926,1946,1,1,3,724,2014,NewDirect,446330
914,8,56,242,4,1914,1929,2,2,2,200,2008,ContractAgent,496897
915,3,9,131,3,1948,1963,1,0,3,570,2007,NewAgent,150194
916,9,53,316,5,1920,1937,3,2,2,129,2013,ContractAgent,333794
917,5,8,84,4,1945,1961,1,2,2,154,2013,NewDirect,176877
918,7,46,231,1,1988,2005,1,2,1,106,2008,NewAgent,139879
919,9,25,349,2,1972,1987,2,1,1,101,2007,ContractDirect,494019
920,8,32,248,2,1935,1951,3,2,3,792,2009,ContractAgent,363054
921,1,31,58,6,1990,2007,2,1,1,137,2014,NewDirect,112539
922,8,4,226,5,1983,1999,3,2,1,139,2012,ContractDirect,376113
923,8,59,220,5,1946,1966,3,2,2,176,2014,NewDirect,452637
924,2,41,66,5,1969,1987,2,1,1,127,2012,NewDirect,54809
925,9,11,327,2,1984,1999,3,2,3,566,2012,ContractAgent,371129
926,5,63,67,1,1948,1965,1,2,2,323,2008,NewDirect,116823
927,8,50,225,1,1934,1953,2,1,3,686,2014,ContractDirect,375077
928,2,63,79,4,1927,1944,1,1,3,622,2008,NewDirect,84460
929,5,12,65,1,1957,1977,2,2,3,720,2008,NewDirect,179251
930,5,70,94,1,1913,1928,1,0,3,770,2009,ContractAgent,117453
931,8,61,233,3,1941,1958,3,1,1,137,2012,ContractAgent,325305
932,3,2,158,6,1966,1984,1,1,2,315,2009,ContractDirect,262063
933,3,27,176,1,1921,1936,1,2,2,181,2014,NewDirect,137986
934,5,7,56,5,1971,1986,2,2,3,652,2008,ContractDirect,195056
935,6,42,136,6,1986,2004,2,2,1,119,2006,ContractAgent,224971
936,8,6,236,4,1985,2000,3,1,3,609,2008,ContractAgent,372948
937,3,6,128,1,1916,1933,1,2,3,676,2012,ContractAgent,223639
938,8,30,210,4,1980,1996,3,2,2,182,2008,ContractDirect,318413
939,8,33,209,5,1954,1970,2,1,1,137,2011,ContractDirect,421334
940,3,62,170,6,1920,1937,2,0,3,671,2013,NewDirect,325004
941,3,32,142,3,1927,1947,1,1,2,172,2006,ContractAgent,113938
942,1,1,84,3,1986,2005,2,2,2,268,2013,ContractDirect,61699
943,3,68,141,3,1941,1960,2,1,1,143,2014,ContractDirect,306130
944,8,64,238,4,1989,2009,3,1,3,731,2013,ContractAgent,304521
945,3,67,183,3,1925,1942,1,0,1,133,2010,ContractAgent,106712
946,6,46,145,3,1913,1932,1,1,2,130,2012,ContractAgent,249307
947,3,71,182,4,1962,1979,2,1,1,115,2014,ContractDirect,130564
948,2,1,65,2,1965,1982,2,1,3,648,2013,NewDirect,151857
949,2,65,76,6,1942,1958,2,1,2,329,2008,ContractDirect,105130
950,9,16,325,3,1984,2004,2,1,2,242,2011,NewAgent,483627
951,4,26,160,5,1934,1951,2,0,2,306,2013,NewDirect,303583
952,5,44,84,5,1971,1986,1,0,2,214,2007,NewDirect,192389
953,9,20,313,4,1974,1994,3,1,1,140,2007,NewAgent,366184
954,8,43,236,3,1919,1938,2,2,2,198,2012,ContractDirect,311884
955,9,70,326,6,1979,1999,3,1,1,112,2009,NewDirect,436989
956,6,40,130,1,1929,1949,1,0,1,144,2011,NewDirect,111492
957,7,36,244,5,1950,1968,2,1,1,127,2013,ContractAgent,59274
958,7,65,212,5,1913,1930,2,0,2,140,2009,NewAgent,184530
959,7,24,229,4,1957,1976,2,1,2,152,2007,ContractDirect,169488
960,7,5,230,4,1925,1940,1,0,3,787,2006,ContractDirect,117713
961,4,40,128,3,1922,1941,1,1,1,108,2009,ContractAgent,248624
962,1,11,74,5,1929,1946,2,1,1,139,2006,NewDirect,70287
963,1,30,69,4,1966,1985,2,1,3,667,2006,NewDirect,50169
964,8,7,205,1,1945,1962,3,1,1,102,2009,ContractAgent,394862
965,8,70,219,6,1928,1945,2,1,3,511,2012,NewDirect,427636
966,7,57,222,4,1962,1980,2,2,1,130,2010,ContractDirect,91734
967,3,67,161,6,1914,1934,1,2,1,119,2008,NewDirect,138860
968,7,30,211,5,1971,1986,2,1,2,229,2014,ContractAgent,365921
969,3,18,143,3,1973,1992,2,1,3,531,2010,ContractDirect,289332
970,4,18,159,1,1955,1972,2,1,2,278,2013,ContractDirect,245756
971,2,41,98,6,1950,1965,2,0,2,212,2009,ContractDirect,194905
972,2,15,92,3,1979,1998,2,2,3,774,2007,ContractAgent,100246
973,8,22,204,5,1917,1935,2,1,2,298,2013,ContractAgent,475724
974,8,20,218,4,1953,1972,2,2,1,109,2011,NewAgent,369074
975,7,36,NA,3,1985,2004,2,1,2,162,2012,ContractDirect,448964
976,3,48,178,6,1926,1946,1,0,1,112,2008,NewDirect,198608
977,6,38,159,4,1912,1928,1,2,2,160,2010,ContractDirect,109876
978,9,44,309,2,1969,1986,2,2,1,129,2010,NewAgent,491121
979,7,22,208,3,1962,1978,1,0,2,134,2010,ContractDirect,367753
980,4,6,126,4,1963,1983,1,0,2,244,2009,ContractAgent,268056
981,8,59,219,4,1970,1986,3,2,1,142,2013,ContractDirect,357095
982,4,2,133,2,1985,2005,2,2,3,657,2014,NewDirect,225073
983,2,61,73,1,1990,2006,1,2,2,127,2013,NewAgent,194744
984,5,41,63,1,1915,1930,2,1,1,103,2013,ContractAgent,130330
985,2,9,95,5,1974,1990,1,0,3,505,2009,NewAgent,142959
986,8,52,244,2,1947,1966,3,1,1,126,2013,NewAgent,491421
987,8,13,223,5,1943,1958,2,2,2,264,2008,NewDirect,333535
988,3,27,140,1,1913,1928,1,0,3,648,2013,ContractAgent,283873
989,9,29,315,2,1968,1986,2,2,3,746,2011,ContractAgent,473563
990,1,55,73,2,1936,1956,2,1,1,119,2007,NewDirect,198358
991,5,8,78,6,1933,1953,2,1,3,652,2012,NewAgent,169372
992,9,11,316,5,1911,1929,2,2,3,676,2012,NewAgent,420583
993,4,10,131,4,1949,1967,2,0,1,116,2008,NewAgent,188732
994,5,3,59,2,1933,1951,2,1,3,622,2008,ContractDirect,62634
995,8,11,235,3,1942,1961,2,2,2,291,2006,ContractAgent,313109
996,8,15,225,2,1985,2004,3,1,3,737,2007,NewAgent,326373
997,6,37,182,6,1931,1949,1,0,3,725,2006,ContractAgent,158765
998,9,36,302,5,1976,1996,2,1,3,538,2008,NewDirect,431388
999,2,44,87,4,1963,1982,2,2,2,312,2009,ContractAgent,96017
1000,7,31,210,3,1929,1949,1,1,3,661,2012,NewDirect,94353
1001,5,25,81,6,1958,1978,1,1,2,333,2006,NewDirect,162296
1002,3,53,166,1,1968,1987,1,1,2,287,2008,NewAgent,317801
1003,7,65,235,6,1990,2010,2,2,3,685,2011,ContractAgent,247514
1004,5,1,63,6,1946,1966,1,1,3,728,2007,NewAgent,153744
1005,7,46,236,4,1935,1952,2,0,2,168,2014,ContractDirect,427286
1006,7,49,225,2,1951,1967,1,2,3,615,2006,NewAgent,384724
1007,9,29,319,2,1990,2008,3,2,1,145,2011,NewAgent,316209
1008,1,34,62,2,1937,1952,2,2,3,530,2014,ContractAgent,137717
1009,2,15,93,1,1951,1970,2,1,3,611,2008,ContractDirect,168765
1010,7,49,NA,5,1913,1932,2,2,2,324,2007,NewDirect,406512
1011,8,34,206,4,1934,1953,3,1,1,116,2006,ContractDirect,448050
1012,9,71,327,5,1942,1962,2,1,1,115,2011,ContractAgent,464373
1013,5,22,95,4,1916,1932,1,1,3,605,2011,NewDirect,134479
1014,3,67,155,3,1956,1975,2,0,1,146,2007,NewAgent,315822
1015,4,57,165,2,1927,1944,1,1,1,140,2014,ContractAgent,125656
1016,3,30,134,5,1959,1977,2,2,2,308,2012,NewDirect,301498
1017,4,12,132,1,1979,1997,1,2,2,252,2013,NewDirect,287189
1018,8,19,241,5,1975,1993,3,1,1,115,2014,ContractAgent,387232
1019,9,9,349,1,1918,1937,2,1,2,324,2007,ContractDirect,456613
1020,2,55,55,6,1937,1953,2,1,1,111,2008,ContractDirect,167116
1021,4,41,169,1,1988,2005,1,1,1,129,2010,NewDirect,328842
1022,8,26,242,6,1973,1989,3,2,3,602,2011,ContractDirect,415784
1023,8,22,220,5,1924,1940,3,1,1,111,2010,ContractDirect,371969
1024,7,49,247,6,1923,1942,2,2,3,774,2012,ContractAgent,434881
1025,2,71,99,6,1946,1963,2,2,3,766,2010,NewDirect,172619
1026,4,66,131,4,1920,1937,1,2,2,242,2009,NewDirect,329987
1027,7,40,247,4,1985,2003,1,1,2,298,2012,ContractAgent,496820
1028,8,46,216,5,1959,1974,3,2,3,785,2010,NewDirect,444787
1029,1,37,100,2,1981,2001,2,2,1,120,2010,ContractAgent,152914
1030,2,47,76,6,1990,2006,2,0,3,772,2010,ContractAgent,155830
1031,8,24,234,3,1924,1943,2,1,3,783,2006,NewDirect,483157
1032,7,19,213,5,1916,1936,2,0,3,599,2010,ContractDirect,380927
1033,5,33,92,5,1929,1949,2,0,1,105,2013,NewDirect,130271
1034,7,23,217,1,1963,1980,2,0,1,149,2009,NewAgent,433013
1035,3,65,175,3,1932,1948,2,0,3,739,2013,ContractDirect,122687
1036,6,12,161,4,1924,1942,2,2,1,114,2007,NewDirect,184475
1037,1,45,68,6,1932,1952,2,1,2,211,2009,ContractDirect,185393
1038,2,66,89,2,1913,1930,1,0,2,322,2012,ContractDirect,198496
1039,2,28,59,4,1984,2000,2,0,1,127,2010,NewAgent,64087
1040,2,35,56,2,1939,1956,2,2,3,782,2008,NewDirect,62596
1041,7,59,218,1,1972,1989,1,1,1,122,2012,NewAgent,334415
1042,7,68,214,4,1968,1987,1,1,2,301,2012,ContractDirect,56577
1043,1,66,74,2,1928,1946,2,1,2,277,2009,ContractAgent,183785
1044,3,55,126,1,1924,1944,1,0,3,724,2012,ContractDirect,231874
1045,7,33,248,6,1930,1949,1,1,1,137,2011,NewDirect,228423
1046,8,51,213,5,1988,2004,2,2,1,148,2011,ContractAgent,383193
1047,6,52,164,5,1936,1951,1,1,3,699,2007,ContractDirect,129111
1048,2,47,99,4,1921,1939,1,2,3,626,2011,NewAgent,155692
1049,9,19,324,3,1927,1943,3,1,3,646,2011,NewDirect,410779
1050,9,3,350,5,1911,1930,2,2,1,106,2006,NewAgent,301985
1051,2,3,89,3,1919,1937,1,0,2,273,2014,ContractDirect,77644
1052,1,68,59,4,1915,1932,2,0,1,143,2013,NewAgent,144595
1053,6,9,142,4,1914,1933,1,1,1,141,2007,NewAgent,163100
1054,3,39,146,4,1944,1963,2,2,1,101,2011,NewAgent,239823
1055,8,44,229,1,1968,1988,3,1,1,116,2007,NewDirect,349294
1056,9,36,314,3,1943,1961,2,1,1,113,2012,ContractDirect,456319
1057,6,26,147,5,1913,1930,1,1,3,606,2013,ContractAgent,140381
1058,1,53,76,6,1927,1945,1,1,1,108,2008,ContractDirect,79549
1059,4,13,139,1,1971,1990,1,0,3,531,2009,NewDirect,229663
1060,2,18,83,4,1968,1984,1,2,2,146,2009,NewAgent,155727
1061,1,22,70,4,1982,2002,2,0,2,312,2014,ContractDirect,156459
1062,1,4,85,6,1916,1932,2,2,1,142,2009,NewDirect,89190
1063,1,14,78,5,1960,1976,1,0,3,536,2013,ContractDirect,135461
1064,8,59,206,5,1974,1990,3,1,3,749,2009,NewDirect,437923
1065,7,50,203,2,1928,1948,2,1,3,722,2007,NewAgent,310849
1066,1,6,66,5,1916,1934,1,1,3,716,2009,NewAgent,133152
1067,5,44,96,2,1928,1948,2,0,2,318,2014,ContractDirect,102672
1068,2,29,77,4,1930,1945,1,0,2,302,2011,ContractAgent,115244
1069,3,51,162,2,1975,1991,2,1,2,250,2013,ContractDirect,256302
1070,7,32,208,4,1940,1957,2,1,2,162,2010,NewDirect,249435
1071,9,48,341,6,1952,1971,3,2,1,125,2010,ContractDirect,476589
1072,7,67,236,5,1981,1996,1,1,1,144,2007,NewAgent,410513
1073,1,67,85,2,1957,1972,2,1,2,141,2013,NewDirect,114767
1074,9,2,300,6,1955,1974,3,2,1,141,2012,NewAgent,406128
1075,7,9,226,4,1984,1999,1,2,1,117,2011,NewDirect,211937
1076,7,33,204,4,1974,1993,2,2,1,142,2008,NewAgent,194422
1077,7,18,247,2,1989,2004,1,1,1,126,2009,ContractDirect,372839
1078,3,54,183,2,1973,1989,1,0,3,763,2009,NewAgent,314261
1079,9,38,316,2,1952,1972,2,2,3,679,2006,NewAgent,325276
1080,7,35,228,3,1930,1947,2,1,2,183,2008,NewAgent,415823
1081,6,67,168,1,1974,1991,2,0,2,314,2010,ContractDirect,314574
1082,8,68,NA,2,1969,1984,2,1,2,175,2014,NewAgent,411864
1083,2,64,89,6,1963,1979,2,2,3,562,2011,ContractDirect,123286
1084,6,22,140,5,1911,1930,2,0,3,572,2012,ContractDirect,124028
1085,1,57,89,6,1950,1970,2,0,1,104,2007,ContractDirect,174979
1086,8,17,212,5,1947,1963,2,1,1,150,2013,ContractDirect,456318
1087,9,27,314,1,1928,1943,3,1,3,739,2006,ContractDirect,307445
1088,6,51,146,6,1932,1951,1,2,1,144,2009,NewDirect,348905
1089,7,14,206,1,1952,1971,2,2,1,145,2009,NewAgent,467601
1090,5,50,88,3,1968,1984,2,1,2,300,2013,ContractAgent,89427
1091,4,57,143,3,1990,2009,2,1,1,141,2012,ContractDirect,129711
1092,2,50,81,4,1929,1949,2,2,3,748,2006,ContractAgent,131619
1093,8,19,200,4,1988,2004,2,1,3,689,2014,ContractAgent,478355
1094,8,56,211,2,1910,1927,2,2,2,159,2011,NewAgent,449290
1095,3,65,146,6,1910,1926,1,1,1,135,2006,ContractAgent,261088
1096,6,19,153,3,1969,1988,2,0,1,132,2009,NewDirect,163724
1097,6,40,150,5,1910,1927,1,1,1,119,2008,ContractDirect,237436
1098,8,33,234,5,1958,1974,3,2,2,130,2011,NewDirect,368980
1099,8,63,224,5,1977,1995,2,1,2,340,2014,NewAgent,312537
1100,3,3,155,6,1950,1970,2,2,1,102,2009,ContractDirect,319704
1101,2,53,69,2,1945,1962,1,1,2,303,2010,NewAgent,105850
1102,8,60,248,1,1944,1959,2,1,1,114,2007,NewAgent,317658
1103,3,36,133,3,1977,1992,2,1,2,316,2010,NewAgent,134013
1104,8,42,213,5,1982,1998,3,1,3,711,2011,ContractDirect,308324
1105,4,69,153,2,1963,1980,1,2,3,513,2007,ContractDirect,341307
1106,7,35,236,3,1980,1997,1,2,2,227,2010,ContractAgent,463073
1107,8,58,205,6,1977,1993,3,1,2,304,2008,ContractDirect,391475
1108,1,56,66,3,1978,1993,1,1,1,108,2014,ContractDirect,196398
1109,2,33,56,5,1911,1927,2,1,3,605,2012,NewDirect,97428
1110,9,10,323,1,1944,1963,2,2,1,103,2010,ContractAgent,387726
1111,3,44,172,4,1974,1989,1,1,1,113,2007,NewDirect,205838
1112,8,3,203,5,1968,1988,2,1,1,141,2013,NewAgent,382889
1113,2,37,86,4,1910,1927,2,0,1,125,2009,NewDirect,163137
1114,3,14,na,2,1989,2008,1,0,2,338,2011,ContractAgent,276098
1115,4,16,145,2,1943,1958,1,2,1,124,2006,ContractAgent,276468
1116,1,49,92,4,1962,1980,2,0,1,112,2008,ContractDirect,145578
1117,3,13,152,3,1912,1930,1,2,2,256,2009,ContractAgent,254785
1118,2,36,74,6,1913,1932,1,0,2,149,2011,NewAgent,74328
1119,9,21,340,1,1974,1993,2,2,1,106,2007,ContractAgent,468764
1120,8,33,212,5,1961,1981,2,2,1,141,2007,NewAgent,376720
1121,9,46,305,1,1949,1965,2,1,3,770,2007,ContractAgent,394553
1122,6,31,159,5,1915,1930,1,2,2,146,2009,ContractDirect,182104
1123,5,68,79,6,1946,1962,1,0,3,598,2010,ContractAgent,82695
1124,7,69,225,5,1973,1992,2,2,3,551,2014,ContractDirect,302308
1125,9,65,308,6,1977,1996,3,1,1,140,2014,NewAgent,320878
1126,7,25,247,1,1963,1980,2,0,1,108,2009,NewAgent,477698
1127,1,61,79,2,1955,1975,2,0,1,122,2014,ContractDirect,179325
1128,6,40,147,6,1943,1963,2,2,3,579,2008,NewDirect,145950
1129,8,7,226,5,1931,1950,3,2,2,198,2013,ContractAgent,495894
1130,5,35,55,6,1935,1953,1,0,1,129,2011,NewAgent,83383
1131,8,37,240,6,1939,1959,2,1,1,100,2011,NewAgent,395487
1132,8,42,217,6,1915,1934,2,1,2,272,2013,ContractDirect,461580
1133,8,47,213,6,1913,1928,3,2,1,121,2011,NewAgent,427182
1134,4,63,164,6,1949,1965,2,1,1,150,2012,NewDirect,149730
1135,7,14,223,4,1935,1954,2,2,1,142,2009,ContractAgent,219142
1136,8,61,246,4,1965,1980,2,2,1,141,2009,NewAgent,477977
1137,8,8,213,6,1920,1937,2,2,1,141,2006,ContractDirect,429884
1138,6,2,143,3,1979,1995,1,2,1,122,2007,NewDirect,223472
1139,8,33,234,2,1938,1957,3,2,2,160,2010,NewDirect,319086
1140,2,60,66,2,1967,1985,2,0,2,164,2006,NewAgent,120082
1141,9,63,348,5,1946,1965,3,1,1,112,2007,ContractAgent,315282
1142,8,29,248,6,1987,2007,3,1,3,739,2010,NewAgent,395862
1143,9,NA,344,1,1946,1964,3,2,3,769,2012,ContractAgent,332272
1144,5,64,76,1,1981,1999,2,1,2,250,2014,ContractDirect,165361
1145,4,7,182,5,1982,1998,1,1,3,644,2009,NewDirect,148509
1146,8,15,237,6,1987,2007,3,2,1,121,2014,NewDirect,306607
1147,5,48,91,6,1977,1997,2,0,2,152,2011,NewAgent,89315
1148,5,33,85,3,1988,2008,1,0,1,149,2011,ContractAgent,105252
1149,6,7,152,4,1958,1978,1,1,3,529,2006,NewDirect,155783
1150,5,65,87,6,1953,1973,2,0,2,338,2010,NewDirect,74306
1151,7,44,249,4,1945,1962,1,2,1,103,2009,NewAgent,196442
1152,8,32,205,3,1944,1964,3,1,3,560,2013,NewDirect,339308
1153,9,42,341,2,1916,1931,3,1,3,713,2011,NewDirect,456646
1154,8,4,229,4,1975,1995,3,2,3,545,2008,ContractAgent,312882
1155,6,70,145,6,1953,1969,2,2,3,663,2009,ContractAgent,177780
1156,5,49,80,6,1967,1982,1,1,3,594,2014,ContractDirect,104388
1157,8,51,210,4,1988,2004,2,2,2,155,2007,NewDirect,493100
1158,8,70,238,3,1952,1971,3,1,2,141,2012,ContractAgent,435452
1159,8,61,219,6,1943,1958,2,1,2,202,2009,ContractDirect,335749
1160,5,12,92,1,1930,1948,2,0,1,119,2008,ContractAgent,110342
1161,5,69,100,6,1942,1961,1,2,3,776,2009,ContractAgent,126184
1162,8,69,241,3,1929,1945,2,1,3,675,2014,ContractAgent,320027
1163,6,20,150,2,1915,1934,2,0,3,726,2008,NewAgent,166406
1164,3,46,142,5,1938,1954,2,1,3,538,2013,ContractDirect,100465
1165,8,57,250,1,1949,1968,2,2,2,317,2007,NewAgent,492475
1166,4,56,181,6,1950,1969,2,1,3,541,2011,NewAgent,213023
1167,7,12,245,1,1927,1945,2,1,2,175,2007,ContractAgent,233248
1168,9,4,317,4,1987,2003,2,1,1,149,2012,NewDirect,490755
1169,2,56,69,2,1979,1998,2,1,3,598,2013,NewAgent,65029
1170,8,19,218,6,1927,1944,3,2,1,106,2013,NewAgent,413277
1171,5,NA,88,6,1913,1933,1,0,3,560,2008,ContractAgent,81525
1172,8,45,209,5,1984,2004,3,2,2,156,2014,NewDirect,466569
1173,5,8,96,5,1934,1954,1,2,1,132,2014,ContractDirect,98432
1174,6,53,183,2,1977,1993,2,0,2,233,2007,ContractAgent,170370
1175,8,NA,211,4,1972,1989,3,2,2,186,2008,ContractDirect,331667
1176,8,35,230,1,1942,1961,2,1,1,103,2013,ContractAgent,307354
1177,5,2,94,1,1948,1965,2,1,1,108,2006,ContractDirect,170234
1178,5,8,100,3,1949,1967,1,1,1,121,2011,ContractAgent,167847
1179,8,56,201,4,1945,1965,3,1,2,317,2008,ContractDirect,356579
1180,8,48,225,6,1968,1986,3,2,3,527,2012,NewDirect,418699
1181,3,19,148,1,1922,1942,1,2,3,631,2012,NewAgent,210558
1182,6,30,127,1,1918,1935,2,0,1,137,2012,ContractDirect,296663
1183,8,48,218,3,1957,1974,2,1,2,171,2010,ContractAgent,341260
1184,4,69,155,6,1986,2006,2,0,3,699,2011,ContractDirect,153738
1185,9,59,307,4,1986,2001,3,1,3,594,2013,ContractAgent,383918
1186,9,59,NA,2,1967,1985,2,1,1,110,2009,ContractAgent,457060
1187,5,42,59,4,1930,1949,2,1,2,288,2014,NewAgent,102345
1188,1,37,97,6,1935,1952,2,2,2,276,2011,ContractAgent,144682
1189,7,69,NA,3,1932,1950,2,0,3,648,2007,NewAgent,370145
1190,4,34,163,1,1943,1961,1,0,1,100,2012,NewAgent,293673
1191,8,24,205,2,1922,1940,3,1,3,547,2010,ContractAgent,361186
1192,2,23,56,6,1944,1960,2,2,3,665,2013,ContractAgent,145440
1193,8,44,202,1,1984,2004,2,2,1,146,2009,NewAgent,388359
1194,8,23,202,4,1976,1994,2,1,1,136,2013,NewAgent,453942
1195,3,24,152,6,1917,1934,2,2,1,123,2011,ContractAgent,249693
1196,9,58,320,6,1970,1990,3,2,3,695,2013,NewDirect,394455
1197,5,67,56,1,1938,1955,2,2,2,329,2011,NewAgent,53511
1198,8,22,239,4,1932,1948,3,2,1,133,2007,NewDirect,462022
1199,5,46,63,4,1923,1941,1,2,3,612,2013,ContractDirect,173139
1200,9,55,329,5,1950,1967,2,1,1,113,2014,ContractDirect,300712
1201,7,16,222,5,1985,2004,2,1,3,784,2014,ContractDirect,484648
1202,5,15,62,5,1980,1998,1,1,1,101,2013,NewAgent,151513
1203,1,40,64,3,1953,1972,1,1,3,632,2008,NewAgent,83711
1204,2,57,70,2,1910,1930,1,1,1,116,2012,NewDirect,70140
1205,1,49,75,6,1912,1932,1,1,2,260,2007,NewDirect,144218
1206,4,29,156,1,1968,1987,1,1,2,309,2011,NewAgent,179132
1207,1,19,56,2,1967,1983,1,2,1,118,2009,NewAgent,53413
1208,7,52,221,1,1983,2003,2,1,3,632,2007,ContractAgent,436457
1209,8,17,209,2,1922,1939,2,1,2,211,2014,ContractAgent,424614
1210,6,64,169,5,1925,1945,2,2,3,602,2012,NewDirect,227837
1211,6,50,137,4,1918,1935,2,1,2,234,2006,NewAgent,295102
1212,4,25,170,3,1978,1996,1,1,3,680,2013,NewAgent,339231
1213,8,6,234,6,1947,1966,3,1,1,132,2010,ContractAgent,346489
1214,1,32,88,1,1951,1967,2,0,3,697,2014,NewDirect,52820
1215,1,9,74,3,1923,1939,1,2,1,107,2014,ContractAgent,161580
1216,7,49,201,5,1915,1935,1,2,2,160,2008,NewAgent,72876
1217,9,57,311,4,1910,1925,3,1,3,653,2009,NewAgent,326274
1218,3,47,168,6,1919,1934,1,1,3,687,2012,NewAgent,288021
1219,9,55,319,3,1936,1955,2,2,2,247,2006,NewDirect,436260
1220,7,34,238,4,1927,1947,1,0,1,136,2013,NewAgent,334136
1221,6,3,143,6,1939,1956,1,2,2,334,2013,NewDirect,181683
1222,8,65,241,5,1981,1997,2,1,2,302,2010,NewDirect,357097
1223,1,27,89,5,1927,1947,1,2,3,521,2006,ContractDirect,182385
1224,8,20,234,6,1939,1958,2,2,1,150,2012,ContractAgent,360521
1225,4,41,140,5,1949,1969,2,2,1,128,2008,NewAgent,280312
1226,6,68,174,1,1934,1949,1,0,2,306,2012,NewAgent,177011
1227,6,24,145,6,1982,2002,1,0,1,106,2008,NewDirect,101379
1228,3,35,145,3,1978,1998,2,0,1,132,2010,ContractDirect,319881
1229,8,51,227,3,1954,1971,2,2,3,545,2007,NewDirect,485227
1230,5,35,77,3,1928,1943,1,1,2,277,2014,ContractDirect,146294
1231,4,66,161,3,1923,1938,2,0,3,530,2008,ContractDirect,207531
1232,7,58,203,1,1930,1948,1,1,2,244,2012,ContractAgent,345935
1233,9,13,346,6,1931,1950,3,1,2,202,2011,NewDirect,426516
1234,5,71,77,4,1946,1964,2,0,3,633,2013,ContractAgent,182879
1235,3,8,126,2,1953,1973,1,1,3,799,2013,ContractAgent,225786
1236,8,36,232,2,1980,1999,2,2,3,545,2006,NewDirect,368222
1237,8,29,225,3,1962,1977,2,2,2,129,2010,NewAgent,382183
1238,8,52,231,4,1945,1960,3,2,2,276,2006,ContractDirect,356043
1239,2,31,77,6,1923,1940,1,2,1,131,2014,NewAgent,136168
1240,6,10,139,4,1937,1953,2,2,3,508,2010,NewAgent,289136
1241,2,37,68,6,1910,1928,1,0,3,724,2010,ContractAgent,104015
1242,8,16,201,6,1976,1996,3,1,3,736,2008,NewDirect,322816
1243,1,52,67,3,1968,1986,1,2,1,126,2008,ContractDirect,187845
1244,1,64,72,2,1982,1999,1,2,2,211,2011,NewDirect,196379
1245,6,19,182,3,1954,1973,1,1,3,794,2013,NewAgent,261511
1246,8,63,241,6,1953,1973,2,2,2,183,2011,NewAgent,330783
1247,5,42,NA,4,1976,1991,1,0,2,296,2007,ContractAgent,112514
1248,8,32,225,2,1985,2000,2,1,2,213,2008,ContractDirect,492281
1249,4,14,155,6,1930,1949,2,0,1,138,2012,ContractAgent,247916
1250,6,32,153,6,1982,2002,2,1,1,121,2013,ContractAgent,313546
1251,6,43,182,2,1918,1936,2,1,1,101,2012,NewDirect,236244
1252,8,1,203,3,1974,1989,2,1,2,253,2006,ContractAgent,426953
1253,8,67,250,5,1959,1979,2,1,1,141,2010,ContractDirect,429114
1254,8,39,226,1,1936,1954,3,1,2,280,2012,NewDirect,319981
1255,8,22,215,1,1940,1957,2,2,3,711,2014,ContractAgent,454258
1256,8,63,249,5,1935,1950,3,2,2,241,2009,ContractAgent,423133
1257,9,39,323,6,1917,1934,2,2,1,142,2012,NewDirect,415735
1258,1,34,81,4,1956,1972,2,0,1,106,2010,NewAgent,194861
1259,5,47,100,2,1942,1962,2,2,1,131,2006,ContractDirect,74495
1260,1,7,66,4,1958,1973,1,0,3,632,2013,NewDirect,68033
1261,4,39,129,3,1950,1967,1,1,3,769,2013,ContractAgent,313838
1262,1,43,56,6,1979,1994,2,1,3,732,2014,NewAgent,102087
1263,2,9,93,5,1980,2000,2,1,3,533,2011,ContractAgent,150787
1264,3,46,174,5,1911,1931,1,0,2,229,2012,ContractDirect,215809
1265,8,41,219,6,1914,1929,3,1,1,126,2013,NewAgent,430262
1266,9,22,309,4,1927,1946,2,1,1,149,2009,ContractAgent,439532
1267,5,36,55,2,1989,2007,2,0,3,504,2007,ContractDirect,108913
1268,4,19,144,5,1912,1927,1,2,1,116,2009,ContractAgent,164396
1269,5,61,88,3,1990,2008,1,0,3,619,2011,ContractAgent,59508
1270,8,71,232,5,1939,1959,3,2,2,332,2011,ContractAgent,484545
1271,5,40,79,4,1915,1935,2,2,3,742,2012,ContractAgent,144102
1272,7,52,212,2,1977,1997,2,0,3,651,2008,ContractAgent,327455
1273,1,66,98,4,1910,1928,2,1,3,561,2010,NewDirect,153236
1274,3,48,142,5,1963,1981,1,2,2,310,2008,ContractAgent,289761
1275,3,71,163,5,1962,1982,2,2,2,211,2008,ContractAgent,117933
1276,3,28,161,1,1926,1944,1,2,2,173,2012,NewAgent,337410
1277,2,19,89,3,1972,1991,1,2,1,140,2006,ContractAgent,170868
1278,6,7,168,4,1951,1969,2,2,1,143,2011,NewDirect,194967
1279,7,42,238,2,1913,1929,1,0,2,210,2008,NewDirect,478822
1280,8,8,205,3,1984,2002,3,1,3,540,2010,NewAgent,342836
1281,8,69,244,5,1989,2004,3,2,2,124,2012,NewDirect,400925
1282,2,33,95,2,1928,1943,1,0,2,308,2014,ContractDirect,145974
1283,3,52,152,2,1930,1947,2,2,3,515,2006,NewDirect,297988
1284,4,15,159,4,1978,1995,1,2,3,693,2010,NewAgent,301080
1285,8,7,201,5,1951,1969,2,2,2,145,2012,NewDirect,361738
1286,6,28,128,3,1985,2005,1,0,2,339,2011,NewAgent,280631
1287,6,28,166,2,1950,1968,1,0,1,143,2007,NewDirect,204541
1288,2,NA,85,4,1944,1962,2,1,2,131,2010,NewAgent,195336
1289,4,50,147,5,1924,1941,2,0,3,623,2010,NewDirect,345607
1290,8,43,232,1,1982,2002,2,1,3,682,2009,NewDirect,479015
1291,3,24,180,1,1927,1943,2,0,1,125,2014,ContractDirect,152908
1292,8,12,208,1,1969,1987,3,1,3,701,2012,ContractAgent,446155
1293,4,70,138,4,1979,1996,1,2,3,719,2013,NewAgent,338361
1294,2,60,65,6,1920,1939,1,0,1,114,2011,ContractAgent,64150
1295,3,12,125,6,1939,1957,2,2,2,219,2009,ContractDirect,271491
1296,6,55,126,6,1989,2005,1,2,1,143,2011,NewDirect,236831
1297,9,44,319,5,1975,1990,2,2,2,243,2009,NewAgent,383996
1298,6,9,175,4,1986,2005,2,2,1,147,2008,ContractAgent,280560
1299,2,32,57,1,1983,2001,2,0,2,340,2008,ContractDirect,162005
1300,5,31,65,2,1923,1942,1,1,2,204,2013,NewAgent,175273
1301,8,49,236,1,1955,1971,2,2,1,100,2014,ContractAgent,316720
1302,7,69,219,4,1937,1955,2,0,1,129,2012,ContractDirect,255676
1303,8,5,248,6,1980,1998,3,1,3,630,2006,ContractDirect,323405
1304,2,4,62,5,1974,1994,1,0,2,147,2010,ContractAgent,170226
1305,7,58,234,6,1964,1983,1,2,1,146,2006,ContractAgent,341713
1306,8,27,240,3,1955,1972,3,2,1,106,2008,ContractAgent,392534
1307,8,32,204,5,1947,1967,3,1,2,210,2010,ContractDirect,470395
1308,7,29,222,1,1946,1965,1,2,1,140,2011,NewDirect,75599
1309,6,63,148,3,1944,1960,2,2,1,126,2014,ContractDirect,231833
1310,4,54,140,6,1963,1979,1,0,1,147,2012,ContractDirect,327641
1311,4,13,143,6,1915,1935,1,2,1,136,2008,NewDirect,269902
1312,8,9,202,6,1957,1972,3,1,3,569,2014,ContractDirect,316088
1313,3,13,142,5,1926,1944,1,2,2,232,2010,ContractDirect,112569
1314,9,32,339,6,1946,1966,2,1,3,710,2011,ContractDirect,377120
1315,9,23,349,1,1942,1959,3,1,3,645,2006,ContractAgent,446504
1316,5,35,69,6,1961,1980,1,0,2,227,2008,ContractAgent,151292
1317,6,39,156,1,1917,1935,1,2,2,330,2014,ContractAgent,342841
1318,4,34,NA,5,1961,1978,1,1,2,283,2014,NewDirect,290483
1319,8,4,232,6,1932,1949,2,1,2,331,2012,NewAgent,386100
1320,2,27,68,3,1971,1990,2,1,2,195,2009,NewAgent,54485
1321,1,7,59,1,1977,1995,2,1,2,320,2008,NewDirect,197361
1322,4,67,129,5,1947,1962,2,2,2,195,2012,NewAgent,229371
1323,1,23,57,1,1967,1985,2,2,3,686,2014,NewAgent,166880
1324,4,64,167,1,1919,1938,2,1,2,246,2006,NewAgent,238894
1325,4,34,138,4,1923,1943,2,0,2,224,2008,ContractAgent,150019
1326,8,44,206,3,1972,1987,3,2,1,101,2006,NewDirect,346393
1327,9,27,328,3,1956,1971,3,1,3,674,2009,NewAgent,310271
1328,2,20,98,1,1952,1968,2,2,3,793,2010,ContractDirect,164149
1329,4,6,136,4,1922,1938,1,0,3,766,2011,ContractAgent,121729
1330,1,17,72,4,1989,2004,2,0,2,240,2008,NewDirect,118574
1331,3,23,166,2,1987,2007,2,1,1,145,2011,ContractDirect,184112
1332,3,27,153,5,1935,1951,2,2,1,131,2006,ContractDirect,184838
1333,2,62,93,6,1949,1967,2,2,2,159,2007,ContractAgent,165592
1334,2,59,55,4,1935,1951,1,0,2,197,2012,ContractAgent,122077
1335,8,53,249,4,1979,1994,2,2,2,310,2011,ContractDirect,479880
1336,6,36,134,3,1956,1973,2,2,3,522,2012,ContractDirect,107840
1337,6,36,NA,4,1981,1997,1,1,2,270,2013,NewAgent,202809
1338,1,10,76,6,1921,1941,2,1,3,647,2007,ContractAgent,59035
1339,4,52,174,6,1939,1955,1,1,1,112,2011,NewDirect,347509
1340,6,43,134,3,1925,1942,1,2,3,707,2006,ContractAgent,189270
1341,8,31,213,6,1948,1968,2,2,3,743,2009,ContractAgent,459526
1342,2,15,69,6,1962,1979,2,2,3,509,2010,NewAgent,91348
1343,7,21,216,3,1922,1941,2,2,2,191,2014,ContractDirect,389442
1344,8,40,227,6,1948,1966,3,1,3,602,2008,ContractAgent,427845
1345,7,48,249,5,1961,1976,1,0,2,249,2008,ContractDirect,397806
1346,6,49,168,4,1922,1939,1,0,2,325,2007,ContractAgent,338886
1347,2,33,93,6,1957,1972,1,1,2,187,2012,ContractDirect,61410
1348,9,13,NA,5,1986,2006,2,1,3,717,2013,NewDirect,441496
1349,4,60,NA,1,1980,1995,1,2,1,127,2013,NewDirect,241349
1350,6,30,168,4,1950,1970,2,0,3,773,2010,NewDirect,139516
1351,2,2,75,2,1973,1989,1,1,2,188,2009,ContractDirect,119433
1352,1,2,62,6,1963,1981,2,2,2,168,2009,NewDirect,117157
1353,4,70,175,4,1990,2010,1,1,1,113,2011,ContractDirect,116333
1354,7,62,236,3,1951,1967,2,2,3,727,2009,NewAgent,476516
1355,6,8,175,1,1981,2001,1,1,1,131,2014,NewAgent,322052
1356,2,55,70,3,1929,1949,2,2,1,123,2009,ContractDirect,69489
1357,9,58,342,6,1930,1950,3,1,2,297,2012,NewDirect,396887
1358,3,4,133,3,1938,1956,2,2,2,236,2014,ContractDirect,316817
1359,8,24,247,5,1933,1949,2,2,3,658,2009,NewAgent,392958
1360,2,13,92,3,1915,1932,2,1,2,334,2012,ContractDirect,133919
1361,1,63,64,2,1934,1950,1,0,1,129,2014,NewAgent,73015
1362,9,28,301,3,1921,1937,2,1,1,108,2012,NewAgent,303546
1363,9,42,334,1,1965,1980,3,1,1,114,2012,ContractAgent,471197
1364,4,48,131,4,1943,1961,2,1,2,266,2014,ContractAgent,222658
1365,4,65,139,3,1939,1955,1,1,2,236,2011,NewAgent,278558
1366,3,NA,173,4,1961,1979,1,0,3,745,2006,ContractDirect,203589
1367,8,NA,201,5,1968,1988,3,2,1,143,2009,NewDirect,421344
1368,8,64,238,6,1971,1989,3,2,3,779,2013,ContractAgent,420734
1369,5,29,67,5,1971,1989,1,1,3,678,2008,ContractAgent,89141
1370,8,48,209,4,1941,1960,2,2,2,167,2014,ContractDirect,422282
1371,5,65,91,6,1943,1958,1,0,1,150,2008,ContractDirect,157942
1372,9,49,345,1,1914,1932,2,2,2,304,2010,ContractAgent,448352
1373,9,33,330,3,1989,2004,2,2,3,561,2012,NewAgent,410914
1374,8,17,213,6,1933,1949,2,1,2,328,2012,NewDirect,316156
1375,6,53,171,1,1962,1982,1,1,2,225,2012,ContractAgent,283017
1376,9,68,317,5,1955,1970,2,2,1,145,2006,ContractDirect,487695
1377,6,65,127,1,1922,1941,1,2,1,149,2013,ContractDirect,255657
1378,1,62,95,2,1953,1971,1,1,2,323,2011,NewDirect,121962
1379,8,43,228,5,1942,1957,2,2,1,126,2011,NewDirect,327275
1380,2,51,91,1,1970,1985,2,0,3,796,2007,NewDirect,198559
1381,1,69,65,6,1935,1955,2,0,3,724,2009,NewDirect,161072
1382,2,38,67,6,1980,1995,1,2,3,749,2008,NewDirect,136670
1383,5,11,72,1,1927,1945,2,0,2,216,2013,NewAgent,199388
1384,8,17,248,1,1969,1989,3,1,3,591,2010,ContractAgent,495804
1385,9,49,344,1,1969,1988,3,2,2,202,2012,NewDirect,342613
1386,3,25,165,6,1915,1934,2,2,3,680,2009,ContractDirect,149941
1387,4,41,137,4,1930,1947,2,2,3,571,2011,NewAgent,228090
1388,8,20,240,1,1968,1988,3,1,2,162,2014,NewAgent,427618
1389,8,47,241,3,1973,1989,2,2,3,677,2009,NewAgent,368463
1390,6,61,166,5,1970,1990,2,1,2,128,2007,NewAgent,321955
1391,1,56,67,5,1975,1993,2,2,1,133,2008,NewDirect,111392
1392,5,40,81,5,1967,1985,2,1,1,132,2013,ContractDirect,110990
1393,9,67,331,5,1912,1931,3,1,2,340,2008,ContractDirect,327175
1394,3,33,126,5,1941,1961,1,0,2,274,2013,NewDirect,182155
1395,6,71,160,5,1921,1940,1,1,1,141,2013,ContractAgent,262163
1396,6,30,157,2,1986,2004,2,1,3,742,2007,ContractAgent,284215
1397,6,47,179,5,1972,1992,2,1,1,130,2007,ContractDirect,275517
1398,2,54,62,3,1944,1961,2,0,3,535,2009,NewDirect,96094
1399,2,41,96,1,1948,1967,2,2,3,510,2011,NewDirect,139815
1400,5,6,83,6,1980,1996,2,2,3,727,2014,ContractDirect,109506
1401,8,43,244,4,1979,1998,3,2,1,143,2010,ContractDirect,405821
1402,9,31,329,1,1972,1990,2,1,1,128,2014,NewAgent,479763
1403,2,NA,76,5,1942,1962,1,0,1,104,2010,ContractDirect,151022
1404,7,63,211,6,1964,1979,1,1,2,284,2006,ContractDirect,267778
1405,2,27,94,3,1964,1983,2,2,3,614,2007,ContractDirect,108536
1406,9,68,326,2,1934,1951,2,2,3,537,2010,ContractDirect,355970
1407,2,45,61,3,1930,1949,1,1,1,135,2007,ContractAgent,59394
1408,3,37,183,5,1975,1990,1,1,2,190,2013,NewAgent,273080
1409,3,23,156,1,1920,1938,2,0,2,157,2014,NewAgent,314013
1410,1,20,75,2,1957,1976,2,1,3,781,2010,NewDirect,196324
1411,7,67,239,1,1985,2000,2,0,1,132,2014,ContractAgent,166673
1412,8,63,222,2,1968,1984,3,2,2,335,2006,NewAgent,367611
1413,5,18,91,4,1932,1947,2,1,2,226,2014,ContractDirect,133881
1414,5,30,66,2,1950,1970,1,1,3,600,2008,NewAgent,51541
1415,8,59,208,6,1983,1999,2,1,2,130,2009,NewAgent,416176
1416,1,65,90,2,1971,1986,2,1,3,577,2012,NewDirect,82334
1417,3,68,153,4,1925,1940,1,2,3,748,2008,NewAgent,252018
1418,5,41,83,3,1975,1990,1,0,3,765,2006,ContractDirect,53206
1419,8,35,243,3,1977,1994,2,2,3,586,2011,ContractDirect,315359
1420,6,38,165,3,1947,1966,2,2,1,134,2007,NewAgent,149634
1421,2,39,58,1,1954,1969,1,0,2,310,2009,ContractAgent,167618
1422,3,14,144,3,1939,1955,2,2,1,129,2006,ContractDirect,132306
1423,4,11,149,6,1912,1930,2,0,3,528,2012,NewDirect,227997
1424,1,48,na,6,1975,1992,2,2,3,678,2008,NewDirect,107056
1425,2,46,58,5,1945,1962,1,1,3,543,2012,NewDirect,91289
1426,5,56,97,4,1966,1986,2,1,1,134,2013,NewAgent,173875
1427,2,4,na,1,1987,2005,2,2,2,327,2012,NewDirect,139876
1428,1,18,60,5,1968,1985,1,1,2,264,2007,NewAgent,144412
1429,3,58,179,4,1954,1974,2,1,2,289,2006,ContractDirect,239641
1430,8,61,217,4,1938,1954,3,1,1,103,2013,NewDirect,387820
1431,3,64,135,5,1949,1969,2,2,1,124,2008,NewDirect,249939
1432,7,21,207,3,1943,1960,1,2,1,111,2012,NewAgent,147114
1433,9,54,325,3,1953,1968,3,2,3,584,2011,NewAgent,344984
1434,1,34,56,6,1930,1946,1,1,1,133,2008,ContractAgent,185306
1435,6,51,184,2,1919,1936,1,1,2,246,2009,NewAgent,306984
1436,7,53,224,1,1925,1942,1,1,1,115,2011,NewDirect,304002
1437,4,50,174,1,1986,2002,2,2,2,324,2008,ContractAgent,311997
1438,6,38,179,6,1968,1988,2,1,2,129,2008,ContractAgent,233651
1439,7,27,235,4,1978,1995,2,0,3,529,2011,ContractDirect,272765
1440,1,30,65,6,1916,1934,2,1,1,101,2009,ContractDirect,97815
1441,8,NA,209,2,1976,1992,2,2,3,689,2014,ContractAgent,451608
1442,3,53,170,3,1962,1980,2,1,3,527,2014,NewDirect,130314
1443,6,NA,175,5,1963,1983,2,0,3,582,2014,NewDirect,231331
1444,2,67,83,4,1945,1965,1,1,2,260,2007,ContractDirect,84738
1445,9,47,336,5,1937,1956,2,2,2,249,2013,NewDirect,407055
1446,3,39,178,5,1926,1941,2,2,3,717,2010,ContractAgent,256133
1447,6,59,141,4,1915,1934,1,2,2,316,2014,ContractAgent,116542
1448,8,40,216,1,1953,1968,3,2,1,147,2011,ContractDirect,366066
1449,8,NA,245,1,1962,1980,2,2,1,117,2007,ContractAgent,483174